"Region","Year","Area_ha","Production_t","Yield_t_ha","Flags"
"colombia","1961","832000.0","450000.0","0.5409","A"
"colombia","1962","824000.0","482100.0","0.5851","A"
"colombia","1963","810000.0","450000.0","0.5556","A"
"colombia","1964","813000.0","468000.0","0.5756","A"
"colombia","1965","812000.0","492000.0","0.6059","A"
"colombia","1966","811000.0","492000.0","0.6067","A"
"colombia","1967","811000.0","456000.0","0.5623","A"
"colombia","1968","816000.0","480000.0","0.5882","A"
"colombia","1969","810000.0","474000.0","0.5852","A"
"colombia","1970","830000.0","507000.0","0.6108","A;E"
"colombia","1971","810000.0","468000.0","0.5778","A;E"
"colombia","1972","810000.0","432000.0","0.5333","A;E"
"colombia","1973","820000.0","528000.0","0.6439","A;E"
"colombia","1974","800000.0","470000.0","0.5875","A;E"
"colombia","1975","830000.0","513200.0","0.6183","A;E;X"
"colombia","1976","840000.0","483000.0","0.575","A;E;X"
"colombia","1977","1000000.0","639420.0","0.6394","A;E;X"
"colombia","1978","1100000.0","683220.0","0.6211","A;E;X"
"colombia","1979","1050000.0","713340.0","0.6794","A;E;X"
"colombia","1980","1084000.0","724380.0","0.6682","A;E;X"
"colombia","1981","1075000.0","782200.0","0.7276","A;E;X"
"colombia","1982","1087000.0","773600.0","0.7117","A;E;X"
"colombia","1983","955000.0","768600.0","0.8048","A;E;X"
"colombia","1984","945000.0","807800.0","0.8548","A;E;X"
"colombia","1985","930000.0","643100.0","0.6915","A;E;X"
"colombia","1986","925000.0","713500.0","0.7714","A;E;X"
"colombia","1987","992000.0","651600.0","0.6569","A;E;X"
"colombia","1988","950000.0","708700.0","0.746","A;E;X"
"colombia","1989","975000.0","664000.0","0.681","A;E;X"
"colombia","1990","1000000.0","845000.0","0.845","A;E;X"
"colombia","1991","966000.0","970740.0","1.0049","A"
"colombia","1992","984000.0","1100000.0","1.1179","A;E;X"
"colombia","1993","1000000.0","818220.0","0.8182","A"
"colombia","1994","1006000.0","721860.0","0.7176","A"
"colombia","1995","852500.0","821820.0","0.964","A"
"colombia","1996","847000.0","671401.0","0.7927","A"
"colombia","1997","830000.0","642239.0","0.7738","A"
"colombia","1998","812000.0","766980.0","0.9446","A"
"colombia","1999","783000.0","546720.0","0.6982","A"
"colombia","2000","675342.0","637140.0","0.9434","A"
"colombia","2001","704846.0","656160.0","0.9309","A"
"colombia","2002","710510.0","696840.0","0.9808","A"
"colombia","2003","721362.0","694080.0","0.9622","A"
"colombia","2004","771219.0","674400.0","0.8745","A"
"colombia","2005","806884.0","667140.0","0.8268","A"
"colombia","2006","785535.0","724740.0","0.9226","A"
"colombia","2007","797660.0","757080.0","0.9491","A"
"colombia","2008","732656.0","688680.0","0.94","A"
"colombia","2009","765345.0","468720.0","0.6124","A"
"colombia","2010","778052.0","535380.0","0.6881","A"
"colombia","2011","723921.0","468540.0","0.6472","A"
"colombia","2012","696023.0","462000.0","0.6638","A"
"colombia","2013","771725.0","653160.0","0.8464","A"
"colombia","2014","795563.0","728400.0","0.9156","A"
"colombia","2015","801118.0","827750.0","1.0332","A"
"colombia","2016","778362.0","818243.0","1.0512","A"
"colombia","2017","903950.0","851640.0","0.9421","A"
"colombia","2018","877140.0","813420.0","0.9274","A"
"colombia","2019","853698.0","885120.0","1.0368","A"
"colombia","2020","844744.0","833400.0","0.9866","A"
"colombia","2021","840112.0","560340.0","0.667","A"
"colombia","2022","842399.0","665015.9","0.7894","A"
"colombia","2023","841354.0","680857.7","0.8092","A"
"colombia","2024","837685.0","839846.7","1.0026","A"
"ethiopia","1993","250000.0","180000.0","0.72","E;X"
"ethiopia","1994","277738.0","207000.0","0.7453","E;I;X"
"ethiopia","1995","307833.0","229980.0","0.7471","E;I;X"
"ethiopia","1996","307021.0","229980.0","0.7491","E;I;X"
"ethiopia","1997","305063.0","228000.0","0.7474","E;I;X"
"ethiopia","1998","302517.0","229980.0","0.7602","E;I;X"
"ethiopia","1999","251310.0","217450.0","0.8653","A"
"ethiopia","2000","250000.0","229980.0","0.9199","E;X"
"ethiopia","2001","243834.0","157155.0","0.6445","A"
"ethiopia","2002","218000.0","160000.0","0.7339","E"
"ethiopia","2003","232439.0","126188.0","0.5429","A"
"ethiopia","2004","260201.0","156170.0","0.6002","A"
"ethiopia","2005","261175.0","171631.0","0.6571","A"
"ethiopia","2006","295238.0","241482.0","0.8179","A"
"ethiopia","2007","407147.0","273400.0","0.6715","A"
"ethiopia","2008","391296.0","260239.0","0.6651","A"
"ethiopia","2009","395003.0","265469.0","0.6721","A"
"ethiopia","2010","498618.0","370569.0","0.7432","A"
"ethiopia","2011","580440.0","442270.0","0.762","E"
"ethiopia","2012","600530.0","449740.0","0.7489","E"
"ethiopia","2013","538466.0","392006.0","0.728","A"
"ethiopia","2014","626820.0","467860.0","0.7464","E"
"ethiopia","2015","653940.0","501240.0","0.7665","E"
"ethiopia","2016","761209.0","494819.0","0.65","A"
"ethiopia","2017","808022.0","549531.0","0.6801","A"
"ethiopia","2018","871707.0","573986.0","0.6585","A"
"ethiopia","2019","871380.0","573580.0","0.6582","E"
"ethiopia","2020","856592.0","584789.6","0.6827","A"
"ethiopia","2021","912170.0","590400.0","0.6472","E"
"ethiopia","2022","794404.0","545566.4","0.6868","A"
"ethiopia","2023","843635.0","559400.0","0.6631","E;I;X"
"ethiopia","2024","862943.0","575696.2","0.6671","E;I"
"vietnam","1961","21200.0","4100.0","0.1934","A"
"vietnam","1962","24410.0","4020.0","0.1647","A"
"vietnam","1963","25000.0","4500.0","0.18","E"
"vietnam","1964","25000.0","5500.0","0.22","E"
"vietnam","1965","22800.0","7500.0","0.3289","A"
"vietnam","1966","22200.0","6300.0","0.2838","A"
"vietnam","1967","23000.0","7000.0","0.3043","E"
"vietnam","1968","18000.0","6000.0","0.3333","E"
"vietnam","1969","17000.0","6500.0","0.3824","E"
"vietnam","1970","18600.0","7300.0","0.3925","A"
"vietnam","1971","19000.0","6500.0","0.3421","A"
"vietnam","1972","16000.0","7000.0","0.4375","E"
"vietnam","1973","15000.0","6600.0","0.44","E"
"vietnam","1974","12000.0","6000.0","0.5","E"
"vietnam","1975","11400.0","6800.0","0.5965","A"
"vietnam","1976","15500.0","9700.0","0.6258","A;E"
"vietnam","1977","7050.0","5600.0","0.7943","A"
"vietnam","1978","8130.0","5400.0","0.6642","A"
"vietnam","1979","9410.0","5100.0","0.542","A"
"vietnam","1980","9200.0","8400.0","0.913","A"
"vietnam","1981","9460.0","5300.0","0.5603","A"
"vietnam","1982","10960.0","5300.0","0.4836","A"
"vietnam","1983","11990.0","5700.0","0.4754","A"
"vietnam","1984","11830.0","4800.0","0.4057","A"
"vietnam","1985","14060.0","12300.0","0.8748","A"
"vietnam","1986","19100.0","25000.0","1.3089","A;E"
"vietnam","1987","23400.0","27500.0","1.1752","A;E"
"vietnam","1988","32300.0","42000.0","1.3003","A;E"
"vietnam","1989","43300.0","40900.0","0.9446","A"
"vietnam","1990","61857.0","92000.0","1.4873","A"
"vietnam","1991","73200.0","100000.0","1.3661","A"
"vietnam","1992","81800.0","119200.0","1.4572","A"
"vietnam","1993","82100.0","136100.0","1.6577","A"
"vietnam","1994","99900.0","180000.0","1.8018","A"
"vietnam","1995","114100.0","218000.0","1.9106","A"
"vietnam","1996","157500.0","320100.0","2.0324","A"
"vietnam","1997","174400.0","420500.0","2.4111","A"
"vietnam","1998","218300.0","409300.0","1.8749","A"
"vietnam","1999","269800.0","553200.0","2.0504","A"
"vietnam","2000","476900.0","802500.0","1.6827","A"
"vietnam","2001","473500.0","840600.0","1.7753","A"
"vietnam","2002","492500.0","699500.0","1.4203","A"
"vietnam","2003","480500.0","793700.0","1.6518","A"
"vietnam","2004","479100.0","913800.0","1.9073","A;E;X"
"vietnam","2005","483600.0","831000.0","1.7184","A;E;X"
"vietnam","2006","483200.0","985300.0","2.0391","A"
"vietnam","2007","488900.0","1251000.0","2.5588","A;E;X"
"vietnam","2008","500200.0","1055811.0","2.1108","A"
"vietnam","2009","507200.0","1057539.6","2.0851","A"
"vietnam","2010","511900.0","1105700.0","2.16","A"
"vietnam","2011","543865.0","1276506.0","2.3471","A"
"vietnam","2012","572600.0","1260463.0","2.2013","A"
"vietnam","2013","581381.0","1326688.0","2.282","A"
"vietnam","2014","589041.0","1406469.0","2.3877","A"
"vietnam","2015","593800.0","1452999.3","2.4469","A"
"vietnam","2016","597597.0","1460800.0","2.4445","A"
"vietnam","2017","605178.0","1542397.9","2.5487","A"
"vietnam","2018","618879.0","1616307.2","2.6117","A"
"vietnam","2019","624100.0","1686765.2","2.7027","A"
"vietnam","2020","637563.0","1763476.0","2.766","A"
"vietnam","2021","653192.0","1845033.0","2.8246","A"
"vietnam","2022","655921.0","1953990.2","2.979","A"
"vietnam","2023","666954.0","1956782.5","2.9339","A"
"vietnam","2024","678569.0","2015289.0","2.9699","A"
