"Month","Arabica_USD_per_t","Robusta_USD_per_t"
"1960-01","940.0","700.0"
"1960-02","950.0","690.0"
"1960-03","930.0","690.0"
"1960-04","930.0","680.0"
"1960-05","920.0","690.0"
"1960-06","910.0","700.0"
"1960-07","920.0","690.0"
"1960-08","930.0","700.0"
"1960-09","920.0","700.0"
"1960-10","920.0","710.0"
"1960-11","910.0","710.0"
"1960-12","900.0","700.0"
"1961-01","910.0","680.0"
"1961-02","920.0","680.0"
"1961-03","910.0","670.0"
"1961-04","900.0","660.0"
"1961-05","890.0","660.0"
"1961-06","890.0","670.0"
"1961-07","890.0","670.0"
"1961-08","890.0","670.0"
"1961-09","890.0","670.0"
"1961-10","890.0","670.0"
"1961-11","880.0","670.0"
"1961-12","880.0","670.0"
"1962-01","880.0","670.0"
"1962-02","880.0","670.0"
"1962-03","860.0","670.0"
"1962-04","850.0","670.0"
"1962-05","830.0","670.0"
"1962-06","800.0","670.0"
"1962-07","810.0","680.0"
"1962-08","820.0","680.0"
"1962-09","830.0","690.0"
"1962-10","810.0","690.0"
"1962-11","810.0","690.0"
"1962-12","820.0","720.0"
"1963-01","830.0","650.0"
"1963-02","800.0","610.0"
"1963-03","810.0","620.0"
"1963-04","810.0","620.0"
"1963-05","800.0","610.0"
"1963-06","800.0","610.0"
"1963-07","810.0","620.0"
"1963-08","800.0","610.0"
"1963-09","800.0","620.0"
"1963-10","800.0","630.0"
"1963-11","810.0","630.0"
"1963-12","800.0","650.0"
"1964-01","930.0","700.0"
"1964-02","940.0","720.0"
"1964-03","1040.0","780.0"
"1964-04","1000.0","820.0"
"1964-05","1020.0","830.0"
"1964-06","1010.0","850.0"
"1964-07","1020.0","820.0"
"1964-08","1050.0","820.0"
"1964-09","1040.0","790.0"
"1964-10","1040.0","770.0"
"1964-11","1030.0","790.0"
"1964-12","1010.0","760.0"
"1965-01","1010.0","630.0"
"1965-02","1040.0","640.0"
"1965-03","990.0","580.0"
"1965-04","970.0","550.0"
"1965-05","960.0","490.0"
"1965-06","980.0","610.0"
"1965-07","980.0","720.0"
"1965-08","1000.0","790.0"
"1965-09","1000.0","780.0"
"1965-10","1010.0","810.0"
"1965-11","1030.0","760.0"
"1965-12","1030.0","790.0"
"1966-01","1010.0","800.0"
"1966-02","970.0","760.0"
"1966-03","950.0","740.0"
"1966-04","950.0","760.0"
"1966-05","950.0","770.0"
"1966-06","920.0","740.0"
"1966-07","920.0","730.0"
"1966-08","920.0","720.0"
"1966-09","900.0","700.0"
"1966-10","890.0","720.0"
"1966-11","890.0","720.0"
"1966-12","870.0","720.0"
"1967-01","850.0","710.0"
"1967-02","840.0","730.0"
"1967-03","820.0","730.0"
"1967-04","850.0","750.0"
"1967-05","890.0","770.0"
"1967-06","910.0","780.0"
"1967-07","900.0","740.0"
"1967-08","880.0","720.0"
"1967-09","860.0","720.0"
"1967-10","850.0","730.0"
"1967-11","870.0","750.0"
"1967-12","850.0","750.0"
"1968-01","870.0","760.0"
"1968-02","870.0","760.0"
"1968-03","880.0","750.0"
"1968-04","890.0","750.0"
"1968-05","880.0","760.0"
"1968-06","890.0","760.0"
"1968-07","880.0","750.0"
"1968-08","870.0","750.0"
"1968-09","850.0","750.0"
"1968-10","850.0","740.0"
"1968-11","850.0","720.0"
"1968-12","830.0","710.0"
"1969-01","830.0","710.0"
"1969-02","840.0","710.0"
"1969-03","830.0","690.0"
"1969-04","810.0","660.0"
"1969-05","810.0","650.0"
"1969-06","800.0","680.0"
"1969-07","780.0","690.0"
"1969-08","810.0","720.0"
"1969-09","900.0","760.0"
"1969-10","1040.0","850.0"
"1969-11","1020.0","820.0"
"1969-12","1050.0","830.0"
"1970-01","1140.0","860.0"
"1970-02","1150.0","850.0"
"1970-03","1170.0","870.0"
"1970-04","1200.0","910.0"
"1970-05","1220.0","940.0"
"1970-06","1210.0","930.0"
"1970-07","1210.0","940.0"
"1970-08","1180.0","940.0"
"1970-09","1160.0","940.0"
"1970-10","1120.0","940.0"
"1970-11","1030.0","920.0"
"1970-12","980.0","920.0"
"1971-01","1000.0","930.0"
"1971-02","980.0","930.0"
"1971-03","1010.0","940.0"
"1971-04","990.0","940.0"
"1971-05","1020.0","940.0"
"1971-06","1000.0","930.0"
"1971-07","990.0","930.0"
"1971-08","1010.0","930.0"
"1971-09","960.0","920.0"
"1971-10","940.0","920.0"
"1971-11","970.0","930.0"
"1971-12","1020.0","940.0"
"1972-01","990.0","930.0"
"1972-02","1000.0","930.0"
"1972-03","1020.0","950.0"
"1972-04","1010.0","960.0"
"1972-05","1040.0","960.0"
"1972-06","1070.0","960.0"
"1972-07","1240.0","1040.0"
"1972-08","1200.0","1040.0"
"1972-09","1170.0","1030.0"
"1972-10","1180.0","1040.0"
"1972-11","1190.0","1040.0"
"1972-12","1220.0","1050.0"
"1973-01","1280.0","1050.0"
"1973-02","1450.0","1090.0"
"1973-03","1420.0","1110.0"
"1973-04","1290.0","1080.0"
"1973-05","1420.0","1070.0"
"1973-06","1410.0","1080.0"
"1973-07","1360.0","1060.0"
"1973-08","1330.0","1040.0"
"1973-09","1330.0","1100.0"
"1973-10","1380.0","1150.0"
"1973-11","1390.0","1170.0"
"1973-12","1420.0","1190.0"
"1974-01","1530.0","1230.0"
"1974-02","1650.0","1330.0"
"1974-03","1580.0","1380.0"
"1974-04","1550.0","1410.0"
"1974-05","1570.0","1420.0"
"1974-06","1590.0","1360.0"
"1974-07","1520.0","1300.0"
"1974-08","1380.0","1230.0"
"1974-09","1200.0","1190.0"
"1974-10","1250.0","1210.0"
"1974-11","1310.0","1230.0"
"1974-12","1300.0","1220.0"
"1975-01","1230.0","1200.0"
"1975-02","1180.0","1150.0"
"1975-03","1100.0","1090.0"
"1975-04","1050.0","1080.0"
"1975-05","1120.0","1050.0"
"1975-06","1230.0","1090.0"
"1975-07","1450.0","1290.0"
"1975-08","1840.0","1700.0"
"1975-09","1780.0","1680.0"
"1975-10","1770.0","1610.0"
"1975-11","1710.0","1570.0"
"1975-12","1840.0","1630.0"
"1976-01","2050.0","1740.0"
"1976-02","2190.0","1820.0"
"1976-03","2200.0","1820.0"
"1976-04","2700.0","2380.0"
"1976-05","2990.0","2680.0"
"1976-06","3300.0","2870.0"
"1976-07","3030.0","2780.0"
"1976-08","3380.0","2920.0"
"1976-09","3510.0","3020.0"
"1976-10","3820.0","3350.0"
"1976-11","4030.0","3890.0"
"1976-12","4570.0","4500.0"
"1977-01","4830.0","4770.0"
"1977-02","5410.0","5430.0"
"1977-03","6710.0","6750.0"
"1977-04","7000.0","6880.0"
"1977-05","6290.0","5940.0"
"1977-06","5780.0","4940.0"
"1977-07","4850.0","4330.0"
"1977-08","4400.0","4480.0"
"1977-09","4180.0","4440.0"
"1977-10","3770.0","3830.0"
"1977-11","4350.0","3680.0"
"1977-12","4470.0","3720.0"
"1978-01","4550.0","3900.0"
"1978-02","4360.0","3850.0"
"1978-03","3860.0","3480.0"
"1978-04","3940.0","3190.0"
"1978-05","3740.0","3000.0"
"1978-06","3710.0","3330.0"
"1978-07","2950.0","2790.0"
"1978-08","3050.0","2830.0"
"1978-09","3420.0","3240.0"
"1978-10","3400.0","3310.0"
"1978-11","3220.0","3180.0"
"1978-12","2890.0","2910.0"
"1979-01","2830.0","2940.0"
"1979-02","2710.0","2920.0"
"1979-03","2870.0","2980.0"
"1979-04","3060.0","3130.0"
"1979-05","3300.0","3260.0"
"1979-06","4260.0","4160.0"
"1979-07","4490.0","4320.0"
"1979-08","4350.0","4010.0"
"1979-09","4570.0","4230.0"
"1979-10","4620.0","4060.0"
"1979-11","4560.0","3910.0"
"1979-12","4280.0","3900.0"
"1980-01","3810.0","3570.0"
"1980-02","3710.0","3550.0"
"1980-03","4120.0","3720.0"
"1980-04","4050.0","3650.0"
"1980-05","4230.0","3880.0"
"1980-06","4050.0","3760.0"
"1980-07","3520.0","3280.0"
"1980-08","3100.0","2950.0"
"1980-09","2860.0","2760.0"
"1980-10","2840.0","2720.0"
"1980-11","2600.0","2520.0"
"1980-12","2720.0","2550.0"
"1981-01","2890.0","2630.0"
"1981-02","2850.0","2490.0"
"1981-03","2860.0","2470.0"
"1981-04","2890.0","2450.0"
"1981-05","2830.0","2350.0"
"1981-06","2510.0","1860.0"
"1981-07","2670.0","1940.0"
"1981-08","2780.0","1980.0"
"1981-09","2800.0","1970.0"
"1981-10","3020.0","2170.0"
"1981-11","3180.0","2310.0"
"1981-12","3130.0","2270.0"
"1982-01","3180.0","2310.0"
"1982-02","3400.0","2520.0"
"1982-03","3220.0","2470.0"
"1982-04","3120.0","2350.0"
"1982-05","3030.0","2280.0"
"1982-06","3100.0","2240.0"
"1982-07","2940.0","2170.0"
"1982-08","2930.0","2250.0"
"1982-09","3000.0","2410.0"
"1982-10","3100.0","2590.0"
"1982-11","3050.0","2690.0"
"1982-12","2970.0","2820.0"
"1983-01","2870.0","2750.0"
"1983-02","2800.0","2680.0"
"1983-03","2760.0","2670.0"
"1983-04","2750.0","2670.0"
"1983-05","2830.0","2720.0"
"1983-06","2810.0","2650.0"
"1983-07","2830.0","2650.0"
"1983-08","2860.0","2650.0"
"1983-09","2920.0","2690.0"
"1983-10","3100.0","2870.0"
"1983-11","3190.0","2850.0"
"1983-12","3230.0","2930.0"
"1984-01","3170.0","2930.0"
"1984-02","3220.0","3000.0"
"1984-03","3270.0","3040.0"
"1984-04","3310.0","3030.0"
"1984-05","3310.0","3230.0"
"1984-06","3250.0","3170.0"
"1984-07","3180.0","3040.0"
"1984-08","3210.0","3100.0"
"1984-09","3140.0","3120.0"
"1984-10","3020.0","2980.0"
"1984-11","3090.0","3000.0"
"1984-12","3100.0","2800.0"
"1985-01","3210.0","2770.0"
"1985-02","3180.0","2700.0"
"1985-03","3260.0","2710.0"
"1985-04","3120.0","2700.0"
"1985-05","3150.0","2670.0"
"1985-06","3130.0","2650.0"
"1985-07","2980.0","2340.0"
"1985-08","2940.0","2350.0"
"1985-09","2940.0","2290.0"
"1985-10","3100.0","2450.0"
"1985-11","3430.0","2780.0"
"1985-12","4340.0","3370.0"
"1986-01","5240.0","3750.0"
"1986-02","5030.0","3570.0"
"1986-03","5280.0","3720.0"
"1986-04","4980.0","3470.0"
"1986-05","4660.0","3140.0"
"1986-06","3900.0","2760.0"
"1986-07","3800.0","2780.0"
"1986-08","3830.0","2980.0"
"1986-09","4400.0","3610.0"
"1986-10","3920.0","3280.0"
"1986-11","3450.0","3130.0"
"1986-12","3000.0","2750.0"
"1987-01","2720.0","2500.0"
"1987-02","2660.0","2430.0"
"1987-03","2290.0","2160.0"
"1987-04","2370.0","2230.0"
"1987-05","2590.0","2330.0"
"1987-06","2320.0","2160.0"
"1987-07","2200.0","2040.0"
"1987-08","2250.0","2080.0"
"1987-09","2440.0","2190.0"
"1987-10","2630.0","2280.0"
"1987-11","2790.0","2310.0"
"1987-12","2800.0","2270.0"
"1988-01","2820.0","2250.0"
"1988-02","3050.0","2270.0"
"1988-03","3010.0","2180.0"
"1988-04","3010.0","2120.0"
"1988-05","3060.0","2070.0"
"1988-06","3170.0","2060.0"
"1988-07","3130.0","1880.0"
"1988-08","2920.0","1800.0"
"1988-09","3040.0","1980.0"
"1988-10","2950.0","2070.0"
"1988-11","2980.0","2040.0"
"1988-12","3250.0","2220.0"
"1989-01","3360.0","2230.0"
"1989-02","3090.0","2120.0"
"1989-03","3100.0","2080.0"
"1989-04","3170.0","2010.0"
"1989-05","3100.0","2010.0"
"1989-06","2760.0","1850.0"
"1989-07","1940.0","1440.0"
"1989-08","1730.0","1310.0"
"1989-09","1730.0","1320.0"
"1989-10","1510.0","1180.0"
"1989-11","1560.0","1170.0"
"1989-12","1600.0","1130.0"
"1990-01","1680.0","1090.0"
"1990-02","1850.0","1100.0"
"1990-03","2090.0","1230.0"
"1990-04","2090.0","1230.0"
"1990-05","2050.0","1180.0"
"1990-06","1970.0","1120.0"
"1990-07","1910.0","1100.0"
"1990-08","2080.0","1190.0"
"1990-09","2100.0","1230.0"
"1990-10","2020.0","1240.0"
"1990-11","1870.0","1220.0"
"1990-12","1970.0","1240.0"
"1991-01","1890.0","1160.0"
"1991-02","1970.0","1140.0"
"1991-03","2060.0","1130.0"
"1991-04","2030.0","1120.0"
"1991-05","1940.0","1040.0"
"1991-06","1890.0","1000.0"
"1991-07","1840.0","1000.0"
"1991-08","1800.0","990.0"
"1991-09","1920.0","1030.0"
"1991-10","1760.0","1010.0"
"1991-11","1720.0","1110.0"
"1991-12","1660.0","1120.0"
"1992-01","1620.0","1080.0"
"1992-02","1510.0","940.0"
"1992-03","1550.0","940.0"
"1992-04","1450.0","910.0"
"1992-05","1340.0","830.0"
"1992-06","1300.0","820.0"
"1992-07","1280.0","860.0"
"1992-08","1170.0","860.0"
"1992-09","1170.0","900.0"
"1992-10","1360.0","970.0"
"1992-11","1480.0","1050.0"
"1992-12","1700.0","1120.0"
"1993-01","1530.0","1030.0"
"1993-02","1490.0","1040.0"
"1993-03","1400.0","1010.0"
"1993-04","1280.0","990.0"
"1993-05","1370.0","1020.0"
"1993-06","1380.0","1030.0"
"1993-07","1580.0","1090.0"
"1993-08","1700.0","1290.0"
"1993-09","1780.0","1380.0"
"1993-10","1690.0","1300.0"
"1993-11","1730.0","1360.0"
"1993-12","1790.0","1360.0"
"1994-01","1740.0","1310.0"
"1994-02","1850.0","1340.0"
"1994-03","1920.0","1430.0"
"1994-04","2000.0","1580.0"
"1994-05","2690.0","2090.0"
"1994-06","3160.0","2480.0"
"1994-07","4830.0","3620.0"
"1994-08","4420.0","3590.0"
"1994-09","4890.0","4030.0"
"1994-10","4450.0","3740.0"
"1994-11","4030.0","3380.0"
"1994-12","3720.0","2860.0"
"1995-01","3810.0","2900.0"
"1995-02","3740.0","2970.0"
"1995-03","3960.0","3220.0"
"1995-04","3840.0","3190.0"
"1995-05","3770.0","3110.0"
"1995-06","3410.0","2840.0"
"1995-07","3210.0","2640.0"
"1995-08","3380.0","2870.0"
"1995-09","2960.0","2540.0"
"1995-10","2810.0","2490.0"
"1995-11","2760.0","2440.0"
"1995-12","2340.0","2050.0"
"1996-01","2440.0","1980.0"
"1996-02","2740.0","2140.0"
"1996-03","2660.0","2000.0"
"1996-04","2720.0","2000.0"
"1996-05","2850.0","2010.0"
"1996-06","2770.0","1900.0"
"1996-07","2700.0","1710.0"
"1996-08","2780.0","1750.0"
"1996-09","2620.0","1640.0"
"1996-10","2740.0","1610.0"
"1996-11","2740.0","1550.0"
"1996-12","2580.0","1390.0"
"1997-01","2930.0","1480.0"
"1997-02","3710.0","1660.0"
"1997-03","4290.0","1770.0"
"1997-04","4560.0","1710.0"
"1997-05","5890.0","2060.0"
"1997-06","4890.0","1960.0"
"1997-07","4200.0","1760.0"
"1997-08","4210.0","1640.0"
"1997-09","4190.0","1660.0"
"1997-10","3700.0","1640.0"
"1997-11","3530.0","1680.0"
"1997-12","3910.0","1820.0"
"1998-01","3920.0","1840.0"
"1998-02","3930.0","1840.0"
"1998-03","3480.0","1810.0"
"1998-04","3310.0","1960.0"
"1998-05","3040.0","2000.0"
"1998-06","2750.0","1820.0"
"1998-07","2590.0","1700.0"
"1998-08","2720.0","1750.0"
"1998-09","2470.0","1760.0"
"1998-10","2420.0","1770.0"
"1998-11","2570.0","1770.0"
"1998-12","2590.0","1850.0"
"1999-01","2490.0","1810.0"
"1999-02","2330.0","1750.0"
"1999-03","2320.0","1620.0"
"1999-04","2250.0","1530.0"
"1999-05","2450.0","1500.0"
"1999-06","2360.0","1450.0"
"1999-07","2090.0","1360.0"
"1999-08","2010.0","1390.0"
"1999-09","1860.0","1310.0"
"1999-10","2080.0","1290.0"
"1999-11","2500.0","1390.0"
"1999-12","2740.0","1470.0"
"2000-01","2450.0","1170.0"
"2000-02","2280.0","1080.0"
"2000-03","2220.0","1020.0"
"2000-04","2090.0","980.0"
"2000-05","2080.0","980.0"
"2000-06","1910.0","940.0"
"2000-07","1930.0","900.0"
"2000-08","1700.0","840.0"
"2000-09","1670.0","860.0"
"2000-10","1690.0","800.0"
"2000-11","1580.0","720.0"
"2000-12","1460.0","670.0"
"2001-01","1450.0","710.0"
"2001-02","1480.0","700.0"
"2001-03","1470.0","670.0"
"2001-04","1460.0","630.0"
"2001-05","1530.0","650.0"
"2001-06","1410.0","640.0"
"2001-07","1290.0","600.0"
"2001-08","1320.0","570.0"
"2001-09","1280.0","540.0"
"2001-10","1240.0","510.0"
"2001-11","1300.0","520.0"
"2001-12","1250.0","540.0"
"2002-01","1280.0","500.0"
"2002-02","1300.0","540.0"
"2002-03","1420.0","640.0"
"2002-04","1440.0","650.0"
"2002-05","1350.0","620.0"
"2002-06","1290.0","630.0"
"2002-07","1250.0","630.0"
"2002-08","1200.0","610.0"
"2002-09","1340.0","710.0"
"2002-10","1450.0","730.0"
"2002-11","1540.0","840.0"
"2002-12","1410.0","840.0"
"2003-01","1450.0","910.0"
"2003-02","1460.0","900.0"
"2003-03","1360.0","820.0"
"2003-04","1430.0","820.0"
"2003-05","1460.0","830.0"
"2003-06","1350.0","750.0"
"2003-07","1390.0","780.0"
"2003-08","1410.0","800.0"
"2003-09","1460.0","820.0"
"2003-10","1420.0","790.0"
"2003-11","1370.0","750.0"
"2003-12","1430.0","790.0"
"2004-01","1600.0","880.0"
"2004-02","1680.0","820.0"
"2004-03","1720.0","810.0"
"2004-04","1660.0","800.0"
"2004-05","1700.0","810.0"
"2004-06","1810.0","880.0"
"2004-07","1650.0","790.0"
"2004-08","1620.0","750.0"
"2004-09","1770.0","750.0"
"2004-10","1780.0","700.0"
"2004-11","1990.0","720.0"
"2004-12","2300.0","810.0"
"2005-01","2360.0","810.0"
"2005-02","2660.0","910.0"
"2005-03","2980.0","1090.0"
"2005-04","2860.0","1120.0"
"2005-05","2830.0","1240.0"
"2005-06","2670.0","1320.0"
"2005-07","2420.0","1280.0"
"2005-08","2390.0","1150.0"
"2005-09","2190.0","1030.0"
"2005-10","2320.0","1050.0"
"2005-11","2380.0","1130.0"
"2005-12","2330.0","1240.0"
"2006-01","2740.0","1400.0"
"2006-02","2630.0","1390.0"
"2006-03","2510.0","1310.0"
"2006-04","2540.0","1330.0"
"2006-05","2410.0","1320.0"
"2006-06","2270.0","1330.0"
"2006-07","2310.0","1420.0"
"2006-08","2460.0","1620.0"
"2006-09","2420.0","1700.0"
"2006-10","2440.0","1660.0"
"2006-11","2700.0","1690.0"
"2006-12","2830.0","1690.0"
"2007-01","2750.0","1740.0"
"2007-02","2690.0","1740.0"
"2007-03","2580.0","1700.0"
"2007-04","2530.0","1750.0"
"2007-05","2500.0","1850.0"
"2007-06","2630.0","2040.0"
"2007-07","2590.0","2040.0"
"2007-08","2720.0","1930.0"
"2007-09","2820.0","2050.0"
"2007-10","2960.0","2010.0"
"2007-11","2890.0","2040.0"
"2007-12","3030.0","2010.0"
"2008-01","3080.0","2190.0"
"2008-02","3470.0","2550.0"
"2008-03","3300.0","2690.0"
"2008-04","3100.0","2450.0"
"2008-05","3130.0","2400.0"
"2008-06","3220.0","2450.0"
"2008-07","3250.0","2540.0"
"2008-08","3230.0","2480.0"
"2008-09","3160.0","2320.0"
"2008-10","2720.0","1960.0"
"2008-11","2690.0","2000.0"
"2008-12","2620.0","1820.0"
"2009-01","2830.0","1820.0"
"2009-02","2850.0","1770.0"
"2009-03","2830.0","1680.0"
"2009-04","2970.0","1670.0"
"2009-05","3330.0","1670.0"
"2009-06","3300.0","1630.0"
"2009-07","3110.0","1580.0"
"2009-08","3300.0","1600.0"
"2009-09","3270.0","1630.0"
"2009-10","3410.0","1620.0"
"2009-11","3360.0","1530.0"
"2009-12","3490.0","1540.0"
"2010-01","3500.0","1540.0"
"2010-02","3480.0","1500.0"
"2010-03","3630.0","1480.0"
"2010-04","3730.0","1580.0"
"2010-05","3820.0","1560.0"
"2010-06","4210.0","1700.0"
"2010-07","4480.0","1880.0"
"2010-08","4660.0","1820.0"
"2010-09","4910.0","1790.0"
"2010-10","4800.0","1880.0"
"2010-11","5150.0","2030.0"
"2010-12","5470.0","2070.0"
"2011-01","5820.0","2230.0"
"2011-02","6350.0","2410.0"
"2011-03","6440.0","2600.0"
"2011-04","6620.0","2590.0"
"2011-05","6420.0","2690.0"
"2011-06","6060.0","2600.0"
"2011-07","5910.0","2490.0"
"2011-08","5960.0","2470.0"
"2011-09","6060.0","2340.0"
"2011-10","5460.0","2160.0"
"2011-11","5400.0","2140.0"
"2011-12","5220.0","2170.0"
"2012-01","5230.0","2130.0"
"2012-02","4940.0","2250.0"
"2012-03","4440.0","2280.0"
"2012-04","4220.0","2240.0"
"2012-05","4070.0","2360.0"
"2012-06","3720.0","2330.0"
"2012-07","4200.0","2360.0"
"2012-08","3850.0","2350.0"
"2012-09","3950.0","2310.0"
"2012-10","3820.0","2300.0"
"2012-11","3530.0","2150.0"
"2012-12","3370.0","2130.0"
"2013-01","3470.0","2200.0"
"2013-02","3300.0","2290.0"
"2013-03","3300.0","2340.0"
"2013-04","3300.0","2240.0"
"2013-05","3240.0","2190.0"
"2013-06","3050.0","2000.0"
"2013-07","3050.0","2100.0"
"2013-08","2980.0","2070.0"
"2013-09","2920.0","1940.0"
"2013-10","2840.0","1850.0"
"2013-11","2690.0","1760.0"
"2013-12","2780.0","1940.0"
"2014-01","2930.0","1930.0"
"2014-02","3830.0","2110.0"
"2014-03","4720.0","2320.0"
"2014-04","4930.0","2330.0"
"2014-05","4720.0","2270.0"
"2014-06","4360.0","2180.0"
"2014-07","4340.0","2240.0"
"2014-08","4700.0","2210.0"
"2014-09","4640.0","2220.0"
"2014-10","4970.0","2310.0"
"2014-11","4620.0","2270.0"
"2014-12","4340.0","2200.0"
"2015-01","4190.0","2160.0"
"2015-02","3940.0","2170.0"
"2015-03","3540.0","2030.0"
"2015-04","3620.0","2030.0"
"2015-05","3490.0","1930.0"
"2015-06","3520.0","1990.0"
"2015-07","3410.0","1920.0"
"2015-08","3460.0","1890.0"
"2015-09","3220.0","1800.0"
"2015-10","3380.0","1820.0"
"2015-11","3260.0","1800.0"
"2015-12","3280.0","1750.0"
"2016-01","3200.0","1650.0"
"2016-02","3260.0","1630.0"
"2016-03","3470.0","1670.0"
"2016-04","3400.0","1770.0"
"2016-05","3420.0","1850.0"
"2016-06","3650.0","1890.0"
"2016-07","3790.0","2000.0"
"2016-08","3690.0","2020.0"
"2016-09","3890.0","2140.0"
"2016-10","3950.0","2290.0"
"2016-11","4060.0","2290.0"
"2016-12","3570.0","2250.0"
"2017-01","3720.0","2390.0"
"2017-02","3670.0","2350.0"
"2017-03","3530.0","2350.0"
"2017-04","3430.0","2280.0"
"2017-05","3310.0","2170.0"
"2017-06","3160.0","2250.0"
"2017-07","3300.0","2310.0"
"2017-08","3300.0","2300.0"
"2017-09","3230.0","2190.0"
"2017-10","3100.0","2170.0"
"2017-11","3110.0","2010.0"
"2017-12","3030.0","1930.0"
"2018-01","3060.0","1950.0"
"2018-02","3000.0","1970.0"
"2018-03","2980.0","1940.0"
"2018-04","2960.0","1950.0"
"2018-05","2990.0","1960.0"
"2018-06","2950.0","1900.0"
"2018-07","2880.0","1860.0"
"2018-08","2760.0","1780.0"
"2018-09","2670.0","1690.0"
"2018-10","3030.0","1880.0"
"2018-11","3020.0","1840.0"
"2018-12","2800.0","1710.0"
"2019-01","2830.0","1720.0"
"2019-02","2830.0","1730.0"
"2019-03","2730.0","1700.0"
"2019-04","2670.0","1620.0"
"2019-05","2660.0","1570.0"
"2019-06","2860.0","1630.0"
"2019-07","2990.0","1630.0"
"2019-08","2780.0","1560.0"
"2019-09","2840.0","1560.0"
"2019-10","2800.0","1510.0"
"2019-11","3110.0","1620.0"
"2019-12","3460.0","1610.0"
"2020-01","3130.0","1560.0"
"2020-02","2990.0","1500.0"
"2020-03","3270.0","1490.0"
"2020-04","3410.0","1410.0"
"2020-05","3300.0","1420.0"
"2020-06","3120.0","1420.0"
"2020-07","3240.0","1490.0"
"2020-08","3600.0","1600.0"
"2020-09","3670.0","1600.0"
"2020-10","3350.0","1510.0"
"2020-11","3320.0","1600.0"
"2020-12","3480.0","1590.0"
"2021-01","3540.0","1560.0"
"2021-02","3670.0","1620.0"
"2021-03","3680.0","1630.0"
"2021-04","3720.0","1640.0"
"2021-05","4110.0","1760.0"
"2021-06","4240.0","1870.0"
"2021-07","4500.0","2080.0"
"2021-08","4770.0","2100.0"
"2021-09","4970.0","2310.0"
"2021-10","5310.0","2320.0"
"2021-11","5710.0","2410.0"
"2021-12","5910.0","2480.0"
"2022-01","5980.0","2430.0"
"2022-02","6170.0","2410.0"
"2022-03","5700.0","2290.0"
"2022-04","5850.0","2290.0"
"2022-05","5740.0","2270.0"
"2022-06","6030.0","2290.0"
"2022-07","5640.0","2210.0"
"2022-08","5920.0","2420.0"
"2022-09","5900.0","2460.0"
"2022-10","5290.0","2270.0"
"2022-11","4720.0","2040.0"
"2022-12","4630.0","2050.0"
"2023-01","4560.0","2120.0"
"2023-02","5060.0","2290.0"
"2023-03","4900.0","2350.0"
"2023-04","5060.0","2550.0"
"2023-05","4850.0","2700.0"
"2023-06","4570.0","2910.0"
"2023-07","4270.0","2810.0"
"2023-08","4120.0","2750.0"
"2023-09","4050.0","2730.0"
"2023-10","4050.0","2620.0"
"2023-11","4350.0","2700.0"
"2023-12","4650.0","2990.0"
"2024-01","4470.0","3260.0"
"2024-02","4600.0","3380.0"
"2024-03","4610.0","3660.0"
"2024-04","5270.0","4230.0"
"2024-05","5080.0","4040.0"
"2024-06","5480.0","4500.0"
"2024-07","5670.0","4730.0"
"2024-08","5760.0","4730.0"
"2024-09","6120.0","5330.0"
"2024-10","6100.0","4890.0"
"2024-11","6720.0","4980.0"
"2024-12","7570.0","5220.0"
"2025-01","7810.0","5410.0"
"2025-02","9050.0","5810.0"
"2025-03","8920.0","5690.0"
"2025-04","8640.0","5430.0"
"2025-05","8770.0","5240.0"
"2025-06","8010.0","4330.0"
"2025-07","7180.0","3690.0"
"2025-08","8080.0","4390.0"
"2025-09","8830.0","4660.0"
"2025-10","8900.0","4740.0"
"2025-11","9050.0","4740.0"
"2025-12","8400.0","4200.0"
"2026-01","8020.0","4240.0"
"2026-02","7080.0","3960.0"
"2026-03","7370.0","3900.0"
"2026-04","7300.0","3630.0"
"2026-05","6950.0","3670.0"
"2026-06","6790.0","3730.0"
"2026-07","7910.0","4070.0"
"2026-08","7970.0","3980.0"
"2026-09","7260.0","3690.0"
