"Region","District","Year","Precip_mm","Anomaly_Z","Mean_mm","CV"
"colombia","Huila","1981","1656.1","0.227","1608.1","0.131"
"colombia","Huila","1982","1803.0","0.923","1608.1","0.131"
"colombia","Huila","1983","1518.1","-0.426","1608.1","0.131"
"colombia","Huila","1984","1932.8","1.538","1608.1","0.131"
"colombia","Huila","1985","1402.3","-0.975","1608.1","0.131"
"colombia","Huila","1986","1667.1","0.279","1608.1","0.131"
"colombia","Huila","1987","1492.5","-0.547","1608.1","0.131"
"colombia","Huila","1988","1583.2","-0.118","1608.1","0.131"
"colombia","Huila","1989","1612.1","0.019","1608.1","0.131"
"colombia","Huila","1990","1585.3","-0.108","1608.1","0.131"
"colombia","Huila","1991","1427.2","-0.857","1608.1","0.131"
"colombia","Huila","1992","1311.1","-1.406","1608.1","0.131"
"colombia","Huila","1993","1740.6","0.627","1608.1","0.131"
"colombia","Huila","1994","1649.7","0.197","1608.1","0.131"
"colombia","Huila","1995","1504.4","-0.491","1608.1","0.131"
"colombia","Huila","1996","1672.4","0.305","1608.1","0.131"
"colombia","Huila","1997","1321.7","-1.356","1608.1","0.131"
"colombia","Huila","1998","1513.2","-0.449","1608.1","0.131"
"colombia","Huila","1999","1952.3","1.63","1608.1","0.131"
"colombia","Huila","2000","1647.3","0.186","1608.1","0.131"
"colombia","Huila","2001","1383.5","-1.063","1608.1","0.131"
"colombia","Huila","2002","1447.8","-0.759","1608.1","0.131"
"colombia","Huila","2003","1430.7","-0.84","1608.1","0.131"
"colombia","Huila","2004","1576.6","-0.149","1608.1","0.131"
"colombia","Huila","2005","1671.3","0.299","1608.1","0.131"
"colombia","Huila","2006","1728.7","0.571","1608.1","0.131"
"colombia","Huila","2007","1611.3","0.015","1608.1","0.131"
"colombia","Huila","2008","1873.3","1.256","1608.1","0.131"
"colombia","Huila","2009","1577.2","-0.147","1608.1","0.131"
"colombia","Huila","2010","1876.8","1.272","1608.1","0.131"
"colombia","Huila","2011","2192.3","2.766","1608.1","0.131"
"colombia","Huila","2012","1563.2","-0.213","1608.1","0.131"
"colombia","Huila","2013","1587.6","-0.097","1608.1","0.131"
"colombia","Huila","2014","1546.4","-0.292","1608.1","0.131"
"colombia","Huila","2015","1035.6","-2.711","1608.1","0.131"
"colombia","Huila","2016","1367.8","-1.138","1608.1","0.131"
"colombia","Huila","2017","1781.2","0.82","1608.1","0.131"
"colombia","Huila","2018","1394.0","-1.014","1608.1","0.131"
"colombia","Huila","2019","1461.9","-0.692","1608.1","0.131"
"colombia","Huila","2020","1470.3","-0.652","1608.1","0.131"
"colombia","Huila","2021","1750.8","0.676","1608.1","0.131"
"colombia","Huila","2022","2048.3","2.084","1608.1","0.131"
"colombia","Huila","2023","1561.8","-0.219","1608.1","0.131"
"colombia","Huila","2024","1611.5","0.016","1608.1","0.131"
"colombia","Huila","2025","1822.5","1.015","1608.1","0.131"
"colombia","Cauca","1981","3252.2","0.486","3095.6","0.104"
"colombia","Cauca","1982","3325.0","0.712","3095.6","0.104"
"colombia","Cauca","1983","3455.7","1.118","3095.6","0.104"
"colombia","Cauca","1984","3596.2","1.555","3095.6","0.104"
"colombia","Cauca","1985","2605.3","-1.523","3095.6","0.104"
"colombia","Cauca","1986","3176.6","0.251","3095.6","0.104"
"colombia","Cauca","1987","3008.7","-0.27","3095.6","0.104"
"colombia","Cauca","1988","2955.8","-0.434","3095.6","0.104"
"colombia","Cauca","1989","3096.8","0.004","3095.6","0.104"
"colombia","Cauca","1990","2959.6","-0.422","3095.6","0.104"
"colombia","Cauca","1991","3016.8","-0.245","3095.6","0.104"
"colombia","Cauca","1992","2916.0","-0.558","3095.6","0.104"
"colombia","Cauca","1993","3376.2","0.871","3095.6","0.104"
"colombia","Cauca","1994","3271.3","0.546","3095.6","0.104"
"colombia","Cauca","1995","3166.5","0.22","3095.6","0.104"
"colombia","Cauca","1996","3364.0","0.833","3095.6","0.104"
"colombia","Cauca","1997","3082.8","-0.04","3095.6","0.104"
"colombia","Cauca","1998","3296.3","0.623","3095.6","0.104"
"colombia","Cauca","1999","3740.0","2.001","3095.6","0.104"
"colombia","Cauca","2000","3281.2","0.576","3095.6","0.104"
"colombia","Cauca","2001","3012.7","-0.258","3095.6","0.104"
"colombia","Cauca","2002","2992.0","-0.322","3095.6","0.104"
"colombia","Cauca","2003","3141.7","0.143","3095.6","0.104"
"colombia","Cauca","2004","3005.9","-0.279","3095.6","0.104"
"colombia","Cauca","2005","3120.9","0.079","3095.6","0.104"
"colombia","Cauca","2006","3381.1","0.887","3095.6","0.104"
"colombia","Cauca","2007","3224.4","0.4","3095.6","0.104"
"colombia","Cauca","2008","3621.9","1.634","3095.6","0.104"
"colombia","Cauca","2009","3217.1","0.377","3095.6","0.104"
"colombia","Cauca","2010","3373.7","0.864","3095.6","0.104"
"colombia","Cauca","2011","3533.7","1.36","3095.6","0.104"
"colombia","Cauca","2012","3014.8","-0.251","3095.6","0.104"
"colombia","Cauca","2013","3339.4","0.757","3095.6","0.104"
"colombia","Cauca","2014","3111.9","0.051","3095.6","0.104"
"colombia","Cauca","2015","2583.1","-1.592","3095.6","0.104"
"colombia","Cauca","2016","2416.7","-2.109","3095.6","0.104"
"colombia","Cauca","2017","2715.9","-1.179","3095.6","0.104"
"colombia","Cauca","2018","2396.8","-2.17","3095.6","0.104"
"colombia","Cauca","2019","2559.6","-1.665","3095.6","0.104"
"colombia","Cauca","2020","2437.9","-2.043","3095.6","0.104"
"colombia","Cauca","2021","2896.1","-0.62","3095.6","0.104"
"colombia","Cauca","2022","3406.1","0.964","3095.6","0.104"
"colombia","Cauca","2023","2991.8","-0.323","3095.6","0.104"
"colombia","Cauca","2024","2750.1","-1.073","3095.6","0.104"
"colombia","Cauca","2025","3115.4","0.062","3095.6","0.104"
"ethiopia","Jimma","1981","1480.4","-1.155","1649.2","0.089"
"ethiopia","Jimma","1982","1510.0","-0.952","1649.2","0.089"
"ethiopia","Jimma","1983","1635.2","-0.095","1649.2","0.089"
"ethiopia","Jimma","1984","1399.5","-1.708","1649.2","0.089"
"ethiopia","Jimma","1985","1510.1","-0.951","1649.2","0.089"
"ethiopia","Jimma","1986","1519.8","-0.885","1649.2","0.089"
"ethiopia","Jimma","1987","1562.6","-0.592","1649.2","0.089"
"ethiopia","Jimma","1988","1733.8","0.579","1649.2","0.089"
"ethiopia","Jimma","1989","1660.7","0.079","1649.2","0.089"
"ethiopia","Jimma","1990","1649.6","0.003","1649.2","0.089"
"ethiopia","Jimma","1991","1549.3","-0.684","1649.2","0.089"
"ethiopia","Jimma","1992","1751.7","0.702","1649.2","0.089"
"ethiopia","Jimma","1993","1801.2","1.04","1649.2","0.089"
"ethiopia","Jimma","1994","1452.6","-1.345","1649.2","0.089"
"ethiopia","Jimma","1995","1420.5","-1.565","1649.2","0.089"
"ethiopia","Jimma","1996","1679.7","0.209","1649.2","0.089"
"ethiopia","Jimma","1997","1797.4","1.015","1649.2","0.089"
"ethiopia","Jimma","1998","1710.3","0.418","1649.2","0.089"
"ethiopia","Jimma","1999","1460.0","-1.294","1649.2","0.089"
"ethiopia","Jimma","2000","1477.8","-1.172","1649.2","0.089"
"ethiopia","Jimma","2001","1690.1","0.28","1649.2","0.089"
"ethiopia","Jimma","2002","1421.4","-1.558","1649.2","0.089"
"ethiopia","Jimma","2003","1462.1","-1.28","1649.2","0.089"
"ethiopia","Jimma","2004","1597.0","-0.357","1649.2","0.089"
"ethiopia","Jimma","2005","1658.1","0.061","1649.2","0.089"
"ethiopia","Jimma","2006","1767.4","0.809","1649.2","0.089"
"ethiopia","Jimma","2007","1640.3","-0.061","1649.2","0.089"
"ethiopia","Jimma","2008","1780.4","0.898","1649.2","0.089"
"ethiopia","Jimma","2009","1600.8","-0.331","1649.2","0.089"
"ethiopia","Jimma","2010","1666.3","0.117","1649.2","0.089"
"ethiopia","Jimma","2011","1738.6","0.612","1649.2","0.089"
"ethiopia","Jimma","2012","1504.4","-0.991","1649.2","0.089"
"ethiopia","Jimma","2013","1666.2","0.116","1649.2","0.089"
"ethiopia","Jimma","2014","1805.3","1.068","1649.2","0.089"
"ethiopia","Jimma","2015","1639.7","-0.065","1649.2","0.089"
"ethiopia","Jimma","2016","1572.2","-0.526","1649.2","0.089"
"ethiopia","Jimma","2017","1757.1","0.738","1649.2","0.089"
"ethiopia","Jimma","2018","1678.2","0.198","1649.2","0.089"
"ethiopia","Jimma","2019","2064.0","2.839","1649.2","0.089"
"ethiopia","Jimma","2020","1687.5","0.262","1649.2","0.089"
"ethiopia","Jimma","2021","1670.9","0.149","1649.2","0.089"
"ethiopia","Jimma","2022","1713.9","0.443","1649.2","0.089"
"ethiopia","Jimma","2023","1934.4","1.952","1649.2","0.089"
"ethiopia","Jimma","2024","1855.5","1.412","1649.2","0.089"
"ethiopia","Jimma","2025","1878.7","1.57","1649.2","0.089"
"ethiopia","Sidama","1981","1172.3","-0.355","1216.1","0.102"
"ethiopia","Sidama","1982","1284.7","0.556","1216.1","0.102"
"ethiopia","Sidama","1983","1283.7","0.547","1216.1","0.102"
"ethiopia","Sidama","1984","896.7","-2.587","1216.1","0.102"
"ethiopia","Sidama","1985","1065.5","-1.22","1216.1","0.102"
"ethiopia","Sidama","1986","1132.8","-0.675","1216.1","0.102"
"ethiopia","Sidama","1987","1272.1","0.454","1216.1","0.102"
"ethiopia","Sidama","1988","1258.8","0.346","1216.1","0.102"
"ethiopia","Sidama","1989","1240.3","0.196","1216.1","0.102"
"ethiopia","Sidama","1990","1154.4","-0.499","1216.1","0.102"
"ethiopia","Sidama","1991","990.4","-1.828","1216.1","0.102"
"ethiopia","Sidama","1992","1268.8","0.427","1216.1","0.102"
"ethiopia","Sidama","1993","1225.9","0.08","1216.1","0.102"
"ethiopia","Sidama","1994","1234.8","0.151","1216.1","0.102"
"ethiopia","Sidama","1995","1231.8","0.128","1216.1","0.102"
"ethiopia","Sidama","1996","1402.2","1.508","1216.1","0.102"
"ethiopia","Sidama","1997","1358.3","1.152","1216.1","0.102"
"ethiopia","Sidama","1998","1226.7","0.086","1216.1","0.102"
"ethiopia","Sidama","1999","1057.1","-1.287","1216.1","0.102"
"ethiopia","Sidama","2000","1092.9","-0.998","1216.1","0.102"
"ethiopia","Sidama","2001","1200.8","-0.123","1216.1","0.102"
"ethiopia","Sidama","2002","1067.6","-1.203","1216.1","0.102"
"ethiopia","Sidama","2003","1122.6","-0.757","1216.1","0.102"
"ethiopia","Sidama","2004","1076.9","-1.127","1216.1","0.102"
"ethiopia","Sidama","2005","1207.9","-0.066","1216.1","0.102"
"ethiopia","Sidama","2006","1364.4","1.201","1216.1","0.102"
"ethiopia","Sidama","2007","1297.0","0.656","1216.1","0.102"
"ethiopia","Sidama","2008","1215.0","-0.009","1216.1","0.102"
"ethiopia","Sidama","2009","1057.9","-1.282","1216.1","0.102"
"ethiopia","Sidama","2010","1348.6","1.074","1216.1","0.102"
"ethiopia","Sidama","2011","1284.3","0.552","1216.1","0.102"
"ethiopia","Sidama","2012","1123.6","-0.749","1216.1","0.102"
"ethiopia","Sidama","2013","1289.1","0.591","1216.1","0.102"
"ethiopia","Sidama","2014","1285.4","0.562","1216.1","0.102"
"ethiopia","Sidama","2015","1241.8","0.208","1216.1","0.102"
"ethiopia","Sidama","2016","1179.3","-0.298","1216.1","0.102"
"ethiopia","Sidama","2017","1283.5","0.546","1216.1","0.102"
"ethiopia","Sidama","2018","1425.3","1.695","1216.1","0.102"
"ethiopia","Sidama","2019","1430.0","1.733","1216.1","0.102"
"ethiopia","Sidama","2020","1358.5","1.154","1216.1","0.102"
"ethiopia","Sidama","2021","1037.5","-1.447","1216.1","0.102"
"ethiopia","Sidama","2022","1031.3","-1.497","1216.1","0.102"
"ethiopia","Sidama","2023","1322.3","0.861","1216.1","0.102"
"ethiopia","Sidama","2024","1388.0","1.392","1216.1","0.102"
"ethiopia","Sidama","2025","1234.6","0.15","1216.1","0.102"
"vietnam","Dak Lak","1981","2081.3","0.543","1896.9","0.179"
"vietnam","Dak Lak","1982","1366.0","-1.562","1896.9","0.179"
"vietnam","Dak Lak","1983","1868.9","-0.082","1896.9","0.179"
"vietnam","Dak Lak","1984","1978.2","0.239","1896.9","0.179"
"vietnam","Dak Lak","1985","1658.0","-0.703","1896.9","0.179"
"vietnam","Dak Lak","1986","1665.5","-0.681","1896.9","0.179"
"vietnam","Dak Lak","1987","1619.1","-0.817","1896.9","0.179"
"vietnam","Dak Lak","1988","1518.7","-1.113","1896.9","0.179"
"vietnam","Dak Lak","1989","1828.2","-0.202","1896.9","0.179"
"vietnam","Dak Lak","1990","1974.8","0.229","1896.9","0.179"
"vietnam","Dak Lak","1991","1569.2","-0.964","1896.9","0.179"
"vietnam","Dak Lak","1992","1937.1","0.118","1896.9","0.179"
"vietnam","Dak Lak","1993","1752.2","-0.426","1896.9","0.179"
"vietnam","Dak Lak","1994","1674.7","-0.654","1896.9","0.179"
"vietnam","Dak Lak","1995","1729.7","-0.492","1896.9","0.179"
"vietnam","Dak Lak","1996","2178.5","0.829","1896.9","0.179"
"vietnam","Dak Lak","1997","1376.3","-1.532","1896.9","0.179"
"vietnam","Dak Lak","1998","1926.5","0.087","1896.9","0.179"
"vietnam","Dak Lak","1999","1963.8","0.197","1896.9","0.179"
"vietnam","Dak Lak","2000","2833.3","2.755","1896.9","0.179"
"vietnam","Dak Lak","2001","1831.4","-0.193","1896.9","0.179"
"vietnam","Dak Lak","2002","2198.2","0.886","1896.9","0.179"
"vietnam","Dak Lak","2003","1973.8","0.226","1896.9","0.179"
"vietnam","Dak Lak","2004","1583.6","-0.922","1896.9","0.179"
"vietnam","Dak Lak","2005","1996.4","0.293","1896.9","0.179"
"vietnam","Dak Lak","2006","1551.4","-1.017","1896.9","0.179"
"vietnam","Dak Lak","2007","2474.9","1.701","1896.9","0.179"
"vietnam","Dak Lak","2008","2038.8","0.417","1896.9","0.179"
"vietnam","Dak Lak","2009","2317.4","1.237","1896.9","0.179"
"vietnam","Dak Lak","2010","2664.7","2.259","1896.9","0.179"
"vietnam","Dak Lak","2011","2250.1","1.039","1896.9","0.179"
"vietnam","Dak Lak","2012","2270.5","1.099","1896.9","0.179"
"vietnam","Dak Lak","2013","2182.8","0.841","1896.9","0.179"
"vietnam","Dak Lak","2014","1504.2","-1.156","1896.9","0.179"
"vietnam","Dak Lak","2015","1413.2","-1.423","1896.9","0.179"
"vietnam","Dak Lak","2016","1898.9","0.006","1896.9","0.179"
"vietnam","Dak Lak","2017","1898.4","0.004","1896.9","0.179"
"vietnam","Dak Lak","2018","1649.7","-0.727","1896.9","0.179"
"vietnam","Dak Lak","2019","1282.6","-1.808","1896.9","0.179"
"vietnam","Dak Lak","2020","1732.9","-0.483","1896.9","0.179"
"vietnam","Dak Lak","2021","2039.7","0.42","1896.9","0.179"
"vietnam","Dak Lak","2022","2309.5","1.214","1896.9","0.179"
"vietnam","Dak Lak","2023","2067.2","0.501","1896.9","0.179"
"vietnam","Dak Lak","2024","1633.8","-0.774","1896.9","0.179"
"vietnam","Dak Lak","2025","2097.3","0.59","1896.9","0.179"
"vietnam","Lam Dong","1981","2452.7","1.04","2144.1","0.138"
"vietnam","Lam Dong","1982","1844.8","-1.009","2144.1","0.138"
"vietnam","Lam Dong","1983","2156.7","0.042","2144.1","0.138"
"vietnam","Lam Dong","1984","2248.3","0.351","2144.1","0.138"
"vietnam","Lam Dong","1985","2031.5","-0.379","2144.1","0.138"
"vietnam","Lam Dong","1986","2019.8","-0.419","2144.1","0.138"
"vietnam","Lam Dong","1987","1909.8","-0.79","2144.1","0.138"
"vietnam","Lam Dong","1988","1747.5","-1.336","2144.1","0.138"
"vietnam","Lam Dong","1989","2123.6","-0.069","2144.1","0.138"
"vietnam","Lam Dong","1990","2185.4","0.139","2144.1","0.138"
"vietnam","Lam Dong","1991","1843.5","-1.013","2144.1","0.138"
"vietnam","Lam Dong","1992","2408.1","0.889","2144.1","0.138"
"vietnam","Lam Dong","1993","1878.9","-0.894","2144.1","0.138"
"vietnam","Lam Dong","1994","2097.5","-0.157","2144.1","0.138"
"vietnam","Lam Dong","1995","2047.9","-0.324","2144.1","0.138"
"vietnam","Lam Dong","1996","2286.3","0.479","2144.1","0.138"
"vietnam","Lam Dong","1997","1512.3","-2.129","2144.1","0.138"
"vietnam","Lam Dong","1998","2318.6","0.588","2144.1","0.138"
"vietnam","Lam Dong","1999","2235.0","0.306","2144.1","0.138"
"vietnam","Lam Dong","2000","2858.3","2.407","2144.1","0.138"
"vietnam","Lam Dong","2001","2206.4","0.21","2144.1","0.138"
"vietnam","Lam Dong","2002","2251.6","0.362","2144.1","0.138"
"vietnam","Lam Dong","2003","2155.8","0.039","2144.1","0.138"
"vietnam","Lam Dong","2004","1834.1","-1.044","2144.1","0.138"
"vietnam","Lam Dong","2005","2170.0","0.087","2144.1","0.138"
"vietnam","Lam Dong","2006","2019.4","-0.42","2144.1","0.138"
"vietnam","Lam Dong","2007","2568.1","1.428","2144.1","0.138"
"vietnam","Lam Dong","2008","2295.5","0.51","2144.1","0.138"
"vietnam","Lam Dong","2009","2593.8","1.515","2144.1","0.138"
"vietnam","Lam Dong","2010","2696.7","1.862","2144.1","0.138"
"vietnam","Lam Dong","2011","2386.1","0.815","2144.1","0.138"
"vietnam","Lam Dong","2012","2632.2","1.645","2144.1","0.138"
"vietnam","Lam Dong","2013","2070.6","-0.248","2144.1","0.138"
"vietnam","Lam Dong","2014","1871.9","-0.917","2144.1","0.138"
"vietnam","Lam Dong","2015","1645.6","-1.68","2144.1","0.138"
"vietnam","Lam Dong","2016","2261.1","0.394","2144.1","0.138"
"vietnam","Lam Dong","2017","2046.9","-0.327","2144.1","0.138"
"vietnam","Lam Dong","2018","1876.8","-0.901","2144.1","0.138"
"vietnam","Lam Dong","2019","1618.1","-1.772","2144.1","0.138"
"vietnam","Lam Dong","2020","1783.8","-1.214","2144.1","0.138"
"vietnam","Lam Dong","2021","2440.9","1.0","2144.1","0.138"
"vietnam","Lam Dong","2022","2553.8","1.38","2144.1","0.138"
"vietnam","Lam Dong","2023","2123.8","-0.069","2144.1","0.138"
"vietnam","Lam Dong","2024","2105.1","-0.132","2144.1","0.138"
"vietnam","Lam Dong","2025","2070.9","-0.247","2144.1","0.138"
