"Currency","Period","Frequency","LCU_per_USD","N_Daily_Obs","Source"
"COP","2003-01","monthly","2915.4115","20","DS-09 TRM daily (datos.gov.co 32sa-8pi3), simple mean of daily values"
"COP","2003-02","monthly","2951.862","20","DS-09 TRM daily (datos.gov.co 32sa-8pi3), simple mean of daily values"
"COP","2003-03","monthly","2959.0085","20","DS-09 TRM daily (datos.gov.co 32sa-8pi3), simple mean of daily values"
"COP","2003-04","monthly","2926.6165","20","DS-09 TRM daily (datos.gov.co 32sa-8pi3), simple mean of daily values"
"COP","2003-05","monthly","2858.6855","22","DS-09 TRM daily (datos.gov.co 32sa-8pi3), simple mean of daily values"
"COP","2003-06","monthly","2824.9483","18","DS-09 TRM daily (datos.gov.co 32sa-8pi3), simple mean of daily values"
"COP","2003-07","monthly","2862.8814","21","DS-09 TRM daily (datos.gov.co 32sa-8pi3), simple mean of daily values"
"COP","2003-08","monthly","2865.577","20","DS-09 TRM daily (datos.gov.co 32sa-8pi3), simple mean of daily values"
"COP","2003-09","monthly","2840.789","20","DS-09 TRM daily (datos.gov.co 32sa-8pi3), simple mean of daily values"
"COP","2003-10","monthly","2876.195","22","DS-09 TRM daily (datos.gov.co 32sa-8pi3), simple mean of daily values"
"COP","2003-11","monthly","2844.6353","17","DS-09 TRM daily (datos.gov.co 32sa-8pi3), simple mean of daily values"
"COP","2003-12","monthly","2805.757","20","DS-09 TRM daily (datos.gov.co 32sa-8pi3), simple mean of daily values"
"COP","2004-01","monthly","2749.833","20","DS-09 TRM daily (datos.gov.co 32sa-8pi3), simple mean of daily values"
"COP","2004-02","monthly","2714.4405","19","DS-09 TRM daily (datos.gov.co 32sa-8pi3), simple mean of daily values"
"COP","2004-03","monthly","2670.2495","21","DS-09 TRM daily (datos.gov.co 32sa-8pi3), simple mean of daily values"
"COP","2004-04","monthly","2639.595","20","DS-09 TRM daily (datos.gov.co 32sa-8pi3), simple mean of daily values"
"COP","2004-05","monthly","2719.4275","20","DS-09 TRM daily (datos.gov.co 32sa-8pi3), simple mean of daily values"
"COP","2004-06","monthly","2716.1158","19","DS-09 TRM daily (datos.gov.co 32sa-8pi3), simple mean of daily values"
"COP","2004-07","monthly","2651.3776","21","DS-09 TRM daily (datos.gov.co 32sa-8pi3), simple mean of daily values"
"COP","2004-08","monthly","2597.8955","20","DS-09 TRM daily (datos.gov.co 32sa-8pi3), simple mean of daily values"
"COP","2004-09","monthly","2552.201","21","DS-09 TRM daily (datos.gov.co 32sa-8pi3), simple mean of daily values"
"COP","2004-10","monthly","2580.277","20","DS-09 TRM daily (datos.gov.co 32sa-8pi3), simple mean of daily values"
"COP","2004-11","monthly","2528.6024","17","DS-09 TRM daily (datos.gov.co 32sa-8pi3), simple mean of daily values"
"COP","2004-12","monthly","2411.3655","22","DS-09 TRM daily (datos.gov.co 32sa-8pi3), simple mean of daily values"
"COP","2005-01","monthly","2362.125","18","DS-09 TRM daily (datos.gov.co 32sa-8pi3), simple mean of daily values"
"COP","2005-02","monthly","2341.6642","19","DS-09 TRM daily (datos.gov.co 32sa-8pi3), simple mean of daily values"
"COP","2005-03","monthly","2353.712","20","DS-09 TRM daily (datos.gov.co 32sa-8pi3), simple mean of daily values"
"COP","2005-04","monthly","2349.9323","22","DS-09 TRM daily (datos.gov.co 32sa-8pi3), simple mean of daily values"
"COP","2005-05","monthly","2338.7442","19","DS-09 TRM daily (datos.gov.co 32sa-8pi3), simple mean of daily values"
"COP","2005-06","monthly","2331.7867","21","DS-09 TRM daily (datos.gov.co 32sa-8pi3), simple mean of daily values"
"COP","2005-07","monthly","2322.634","20","DS-09 TRM daily (datos.gov.co 32sa-8pi3), simple mean of daily values"
"COP","2005-08","monthly","2306.081","21","DS-09 TRM daily (datos.gov.co 32sa-8pi3), simple mean of daily values"
"COP","2005-09","monthly","2294.4805","21","DS-09 TRM daily (datos.gov.co 32sa-8pi3), simple mean of daily values"
"COP","2005-10","monthly","2292.0042","19","DS-09 TRM daily (datos.gov.co 32sa-8pi3), simple mean of daily values"
"COP","2005-11","monthly","2279.9367","18","DS-09 TRM daily (datos.gov.co 32sa-8pi3), simple mean of daily values"
"COP","2005-12","monthly","2278.9076","21","DS-09 TRM daily (datos.gov.co 32sa-8pi3), simple mean of daily values"
"COP","2006-01","monthly","2272.5061","18","DS-09 TRM daily (datos.gov.co 32sa-8pi3), simple mean of daily values"
"COP","2006-02","monthly","2256.3647","19","DS-09 TRM daily (datos.gov.co 32sa-8pi3), simple mean of daily values"
"COP","2006-03","monthly","2262.3595","22","DS-09 TRM daily (datos.gov.co 32sa-8pi3), simple mean of daily values"
"COP","2006-04","monthly","2336.4295","19","DS-09 TRM daily (datos.gov.co 32sa-8pi3), simple mean of daily values"
"COP","2006-05","monthly","2420.142","20","DS-09 TRM daily (datos.gov.co 32sa-8pi3), simple mean of daily values"
"COP","2006-06","monthly","2542.2425","20","DS-09 TRM daily (datos.gov.co 32sa-8pi3), simple mean of daily values"
"COP","2006-07","monthly","2507.9983","18","DS-09 TRM daily (datos.gov.co 32sa-8pi3), simple mean of daily values"
"COP","2006-08","monthly","2389.6462","21","DS-09 TRM daily (datos.gov.co 32sa-8pi3), simple mean of daily values"
"COP","2006-09","monthly","2398.6624","21","DS-09 TRM daily (datos.gov.co 32sa-8pi3), simple mean of daily values"
"COP","2006-10","monthly","2361.0784","19","DS-09 TRM daily (datos.gov.co 32sa-8pi3), simple mean of daily values"
"COP","2006-11","monthly","2290.8342","19","DS-09 TRM daily (datos.gov.co 32sa-8pi3), simple mean of daily values"
"COP","2006-12","monthly","2261.3353","19","DS-09 TRM daily (datos.gov.co 32sa-8pi3), simple mean of daily values"
"COP","2007-01","monthly","2237.7926","19","DS-09 TRM daily (datos.gov.co 32sa-8pi3), simple mean of daily values"
"COP","2007-02","monthly","2227.9426","19","DS-09 TRM daily (datos.gov.co 32sa-8pi3), simple mean of daily values"
"COP","2007-03","monthly","2200.8814","22","DS-09 TRM daily (datos.gov.co 32sa-8pi3), simple mean of daily values"
"COP","2007-04","monthly","2142.0578","18","DS-09 TRM daily (datos.gov.co 32sa-8pi3), simple mean of daily values"
"COP","2007-05","monthly","2011.583","20","DS-09 TRM daily (datos.gov.co 32sa-8pi3), simple mean of daily values"
"COP","2007-06","monthly","1925.602","20","DS-09 TRM daily (datos.gov.co 32sa-8pi3), simple mean of daily values"
"COP","2007-07","monthly","1949.8806","18","DS-09 TRM daily (datos.gov.co 32sa-8pi3), simple mean of daily values"
"COP","2007-08","monthly","2058.28","21","DS-09 TRM daily (datos.gov.co 32sa-8pi3), simple mean of daily values"
"COP","2007-09","monthly","2110.1635","20","DS-09 TRM daily (datos.gov.co 32sa-8pi3), simple mean of daily values"
"COP","2007-10","monthly","2002.434","20","DS-09 TRM daily (datos.gov.co 32sa-8pi3), simple mean of daily values"
"COP","2007-11","monthly","2046.3053","19","DS-09 TRM daily (datos.gov.co 32sa-8pi3), simple mean of daily values"
"COP","2007-12","monthly","2014.2015","20","DS-09 TRM daily (datos.gov.co 32sa-8pi3), simple mean of daily values"
"COP","2008-01","monthly","1979.4505","19","DS-09 TRM daily (datos.gov.co 32sa-8pi3), simple mean of daily values"
"COP","2008-02","monthly","1903.169","20","DS-09 TRM daily (datos.gov.co 32sa-8pi3), simple mean of daily values"
"COP","2008-03","monthly","1846.9033","18","DS-09 TRM daily (datos.gov.co 32sa-8pi3), simple mean of daily values"
"COP","2008-04","monthly","1796.1259","22","DS-09 TRM daily (datos.gov.co 32sa-8pi3), simple mean of daily values"
"COP","2008-05","monthly","1776.311","20","DS-09 TRM daily (datos.gov.co 32sa-8pi3), simple mean of daily values"
"COP","2008-06","monthly","1721.6979","19","DS-09 TRM daily (datos.gov.co 32sa-8pi3), simple mean of daily values"
"COP","2008-07","monthly","1778.0795","21","DS-09 TRM daily (datos.gov.co 32sa-8pi3), simple mean of daily values"
"COP","2008-08","monthly","1848.6885","20","DS-09 TRM daily (datos.gov.co 32sa-8pi3), simple mean of daily values"
"COP","2008-09","monthly","2079.4185","20","DS-09 TRM daily (datos.gov.co 32sa-8pi3), simple mean of daily values"
"COP","2008-10","monthly","2289.165","22","DS-09 TRM daily (datos.gov.co 32sa-8pi3), simple mean of daily values"
"COP","2008-11","monthly","2331.6224","17","DS-09 TRM daily (datos.gov.co 32sa-8pi3), simple mean of daily values"
"COP","2008-12","monthly","2249.4515","20","DS-09 TRM daily (datos.gov.co 32sa-8pi3), simple mean of daily values"
"COP","2009-01","monthly","2263.6116","19","DS-09 TRM daily (datos.gov.co 32sa-8pi3), simple mean of daily values"
"COP","2009-02","monthly","2521.1063","19","DS-09 TRM daily (datos.gov.co 32sa-8pi3), simple mean of daily values"
"COP","2009-03","monthly","2473.2775","20","DS-09 TRM daily (datos.gov.co 32sa-8pi3), simple mean of daily values"
"COP","2009-04","monthly","2379.3645","20","DS-09 TRM daily (datos.gov.co 32sa-8pi3), simple mean of daily values"
"COP","2009-05","monthly","2225.4825","20","DS-09 TRM daily (datos.gov.co 32sa-8pi3), simple mean of daily values"
"COP","2009-06","monthly","2087.23","18","DS-09 TRM daily (datos.gov.co 32sa-8pi3), simple mean of daily values"
"COP","2009-07","monthly","2052.6841","22","DS-09 TRM daily (datos.gov.co 32sa-8pi3), simple mean of daily values"
"COP","2009-08","monthly","2018.9653","19","DS-09 TRM daily (datos.gov.co 32sa-8pi3), simple mean of daily values"
"COP","2009-09","monthly","1978.9586","21","DS-09 TRM daily (datos.gov.co 32sa-8pi3), simple mean of daily values"
"COP","2009-10","monthly","1908.9073","22","DS-09 TRM daily (datos.gov.co 32sa-8pi3), simple mean of daily values"
"COP","2009-11","monthly","1972.5256","16","DS-09 TRM daily (datos.gov.co 32sa-8pi3), simple mean of daily values"
"COP","2009-12","monthly","2017.05","21","DS-09 TRM daily (datos.gov.co 32sa-8pi3), simple mean of daily values"
"COP","2010-01","monthly","1975.3433","18","DS-09 TRM daily (datos.gov.co 32sa-8pi3), simple mean of daily values"
"COP","2010-02","monthly","1951.1042","19","DS-09 TRM daily (datos.gov.co 32sa-8pi3), simple mean of daily values"
"COP","2010-03","monthly","1907.9929","21","DS-09 TRM daily (datos.gov.co 32sa-8pi3), simple mean of daily values"
"COP","2010-04","monthly","1940.3555","20","DS-09 TRM daily (datos.gov.co 32sa-8pi3), simple mean of daily values"
"COP","2010-05","monthly","1984.3595","20","DS-09 TRM daily (datos.gov.co 32sa-8pi3), simple mean of daily values"
"COP","2010-06","monthly","1923.4921","19","DS-09 TRM daily (datos.gov.co 32sa-8pi3), simple mean of daily values"
"COP","2010-07","monthly","1873.0048","21","DS-09 TRM daily (datos.gov.co 32sa-8pi3), simple mean of daily values"
"COP","2010-08","monthly","1817.877","20","DS-09 TRM daily (datos.gov.co 32sa-8pi3), simple mean of daily values"
"COP","2010-09","monthly","1805.4981","21","DS-09 TRM daily (datos.gov.co 32sa-8pi3), simple mean of daily values"
"COP","2010-10","monthly","1810.7235","20","DS-09 TRM daily (datos.gov.co 32sa-8pi3), simple mean of daily values"
"COP","2010-11","monthly","1864.3906","17","DS-09 TRM daily (datos.gov.co 32sa-8pi3), simple mean of daily values"
"COP","2010-12","monthly","1925.8595","22","DS-09 TRM daily (datos.gov.co 32sa-8pi3), simple mean of daily values"
"COP","2011-01","monthly","1863.6839","18","DS-09 TRM daily (datos.gov.co 32sa-8pi3), simple mean of daily values"
"COP","2011-02","monthly","1882.7932","19","DS-09 TRM daily (datos.gov.co 32sa-8pi3), simple mean of daily values"
"COP","2011-03","monthly","1884.3768","22","DS-09 TRM daily (datos.gov.co 32sa-8pi3), simple mean of daily values"
"COP","2011-04","monthly","1810.54","20","DS-09 TRM daily (datos.gov.co 32sa-8pi3), simple mean of daily values"
"COP","2011-05","monthly","1802.5335","20","DS-09 TRM daily (datos.gov.co 32sa-8pi3), simple mean of daily values"
"COP","2011-06","monthly","1782.5375","20","DS-09 TRM daily (datos.gov.co 32sa-8pi3), simple mean of daily values"
"COP","2011-07","monthly","1762.5505","20","DS-09 TRM daily (datos.gov.co 32sa-8pi3), simple mean of daily values"
"COP","2011-08","monthly","1785.3805","21","DS-09 TRM daily (datos.gov.co 32sa-8pi3), simple mean of daily values"
"COP","2011-09","monthly","1838.6929","21","DS-09 TRM daily (datos.gov.co 32sa-8pi3), simple mean of daily values"
"COP","2011-10","monthly","1909.2595","19","DS-09 TRM daily (datos.gov.co 32sa-8pi3), simple mean of daily values"
"COP","2011-11","monthly","1917.6667","18","DS-09 TRM daily (datos.gov.co 32sa-8pi3), simple mean of daily values"
"COP","2011-12","monthly","1934.7345","20","DS-09 TRM daily (datos.gov.co 32sa-8pi3), simple mean of daily values"
"COP","2012-01","monthly","1842.6506","18","DS-09 TRM daily (datos.gov.co 32sa-8pi3), simple mean of daily values"
"COP","2012-02","monthly","1783.745","20","DS-09 TRM daily (datos.gov.co 32sa-8pi3), simple mean of daily values"
"COP","2012-03","monthly","1767.5118","22","DS-09 TRM daily (datos.gov.co 32sa-8pi3), simple mean of daily values"
"COP","2012-04","monthly","1774.1172","18","DS-09 TRM daily (datos.gov.co 32sa-8pi3), simple mean of daily values"
"COP","2012-05","monthly","1790.9135","20","DS-09 TRM daily (datos.gov.co 32sa-8pi3), simple mean of daily values"
"COP","2012-06","monthly","1792.2315","20","DS-09 TRM daily (datos.gov.co 32sa-8pi3), simple mean of daily values"
"COP","2012-07","monthly","1785.1411","18","DS-09 TRM daily (datos.gov.co 32sa-8pi3), simple mean of daily values"
"COP","2012-08","monthly","1806.341","21","DS-09 TRM daily (datos.gov.co 32sa-8pi3), simple mean of daily values"
"COP","2012-09","monthly","1801.948","20","DS-09 TRM daily (datos.gov.co 32sa-8pi3), simple mean of daily values"
"COP","2012-10","monthly","1805.6735","20","DS-09 TRM daily (datos.gov.co 32sa-8pi3), simple mean of daily values"
"COP","2012-11","monthly","1820.5263","19","DS-09 TRM daily (datos.gov.co 32sa-8pi3), simple mean of daily values"
"COP","2012-12","monthly","1793.939","20","DS-09 TRM daily (datos.gov.co 32sa-8pi3), simple mean of daily values"
"COP","2013-01","monthly","1770.2258","19","DS-09 TRM daily (datos.gov.co 32sa-8pi3), simple mean of daily values"
"COP","2013-02","monthly","1791.7942","19","DS-09 TRM daily (datos.gov.co 32sa-8pi3), simple mean of daily values"
"COP","2013-03","monthly","1811.0663","19","DS-09 TRM daily (datos.gov.co 32sa-8pi3), simple mean of daily values"
"COP","2013-04","monthly","1829.8505","21","DS-09 TRM daily (datos.gov.co 32sa-8pi3), simple mean of daily values"
"COP","2013-05","monthly","1848.924","20","DS-09 TRM daily (datos.gov.co 32sa-8pi3), simple mean of daily values"
"COP","2013-06","monthly","1910.5221","19","DS-09 TRM daily (datos.gov.co 32sa-8pi3), simple mean of daily values"
"COP","2013-07","monthly","1898.4265","20","DS-09 TRM daily (datos.gov.co 32sa-8pi3), simple mean of daily values"
"COP","2013-08","monthly","1905.1686","21","DS-09 TRM daily (datos.gov.co 32sa-8pi3), simple mean of daily values"
"COP","2013-09","monthly","1917.7095","19","DS-09 TRM daily (datos.gov.co 32sa-8pi3), simple mean of daily values"
"COP","2013-10","monthly","1885.9145","22","DS-09 TRM daily (datos.gov.co 32sa-8pi3), simple mean of daily values"
"COP","2013-11","monthly","1922.3332","19","DS-09 TRM daily (datos.gov.co 32sa-8pi3), simple mean of daily values"
"COP","2013-12","monthly","1934.187","20","DS-09 TRM daily (datos.gov.co 32sa-8pi3), simple mean of daily values"
"COP","2014-01","monthly","1962.3074","19","DS-09 TRM daily (datos.gov.co 32sa-8pi3), simple mean of daily values"
"COP","2014-02","monthly","2041.4479","19","DS-09 TRM daily (datos.gov.co 32sa-8pi3), simple mean of daily values"
"COP","2014-03","monthly","2022.193","20","DS-09 TRM daily (datos.gov.co 32sa-8pi3), simple mean of daily values"
"COP","2014-04","monthly","1939.2665","20","DS-09 TRM daily (datos.gov.co 32sa-8pi3), simple mean of daily values"
"COP","2014-05","monthly","1915.2238","21","DS-09 TRM daily (datos.gov.co 32sa-8pi3), simple mean of daily values"
"COP","2014-06","monthly","1887.0156","18","DS-09 TRM daily (datos.gov.co 32sa-8pi3), simple mean of daily values"
"COP","2014-07","monthly","1857.7643","21","DS-09 TRM daily (datos.gov.co 32sa-8pi3), simple mean of daily values"
"COP","2014-08","monthly","1900.052","20","DS-09 TRM daily (datos.gov.co 32sa-8pi3), simple mean of daily values"
"COP","2014-09","monthly","1976.613","20","DS-09 TRM daily (datos.gov.co 32sa-8pi3), simple mean of daily values"
"COP","2014-10","monthly","2047.0314","22","DS-09 TRM daily (datos.gov.co 32sa-8pi3), simple mean of daily values"
"COP","2014-11","monthly","2131.0788","17","DS-09 TRM daily (datos.gov.co 32sa-8pi3), simple mean of daily values"
"COP","2014-12","monthly","2351.1295","20","DS-09 TRM daily (datos.gov.co 32sa-8pi3), simple mean of daily values"
"COP","2015-01","monthly","2400.9726","19","DS-09 TRM daily (datos.gov.co 32sa-8pi3), simple mean of daily values"
"COP","2015-02","monthly","2425.6495","19","DS-09 TRM daily (datos.gov.co 32sa-8pi3), simple mean of daily values"
"COP","2015-03","monthly","2591.058","20","DS-09 TRM daily (datos.gov.co 32sa-8pi3), simple mean of daily values"
"COP","2015-04","monthly","2495.364","20","DS-09 TRM daily (datos.gov.co 32sa-8pi3), simple mean of daily values"
"COP","2015-05","monthly","2440.8532","19","DS-09 TRM daily (datos.gov.co 32sa-8pi3), simple mean of daily values"
"COP","2015-06","monthly","2556.1167","18","DS-09 TRM daily (datos.gov.co 32sa-8pi3), simple mean of daily values"
"COP","2015-07","monthly","2731.9032","22","DS-09 TRM daily (datos.gov.co 32sa-8pi3), simple mean of daily values"
"COP","2015-08","monthly","3023.2895","19","DS-09 TRM daily (datos.gov.co 32sa-8pi3), simple mean of daily values"
"COP","2015-09","monthly","3071.19","21","DS-09 TRM daily (datos.gov.co 32sa-8pi3), simple mean of daily values"
"COP","2015-10","monthly","2936.0309","22","DS-09 TRM daily (datos.gov.co 32sa-8pi3), simple mean of daily values"
"COP","2015-11","monthly","3000.2063","16","DS-09 TRM daily (datos.gov.co 32sa-8pi3), simple mean of daily values"
"COP","2015-12","monthly","3244.5052","21","DS-09 TRM daily (datos.gov.co 32sa-8pi3), simple mean of daily values"
"COP","2016-01","monthly","3291.1361","18","DS-09 TRM daily (datos.gov.co 32sa-8pi3), simple mean of daily values"
"COP","2016-02","monthly","3358.4442","19","DS-09 TRM daily (datos.gov.co 32sa-8pi3), simple mean of daily values"
"COP","2016-03","monthly","3145.2575","20","DS-09 TRM daily (datos.gov.co 32sa-8pi3), simple mean of daily values"
"COP","2016-04","monthly","2992.005","22","DS-09 TRM daily (datos.gov.co 32sa-8pi3), simple mean of daily values"
"COP","2016-05","monthly","2995.6047","19","DS-09 TRM daily (datos.gov.co 32sa-8pi3), simple mean of daily values"
"COP","2016-06","monthly","2991.6814","21","DS-09 TRM daily (datos.gov.co 32sa-8pi3), simple mean of daily values"
"COP","2016-07","monthly","2969.876","20","DS-09 TRM daily (datos.gov.co 32sa-8pi3), simple mean of daily values"
"COP","2016-08","monthly","2958.2043","21","DS-09 TRM daily (datos.gov.co 32sa-8pi3), simple mean of daily values"
"COP","2016-09","monthly","2919.4114","21","DS-09 TRM daily (datos.gov.co 32sa-8pi3), simple mean of daily values"
"COP","2016-10","monthly","2933.5884","19","DS-09 TRM daily (datos.gov.co 32sa-8pi3), simple mean of daily values"
"COP","2016-11","monthly","3102.2139","18","DS-09 TRM daily (datos.gov.co 32sa-8pi3), simple mean of daily values"
"COP","2016-12","monthly","3010.174","20","DS-09 TRM daily (datos.gov.co 32sa-8pi3), simple mean of daily values"
"COP","2017-01","monthly","2938.8989","18","DS-09 TRM daily (datos.gov.co 32sa-8pi3), simple mean of daily values"
"COP","2017-02","monthly","2880.5705","19","DS-09 TRM daily (datos.gov.co 32sa-8pi3), simple mean of daily values"
"COP","2017-03","monthly","2943.4945","22","DS-09 TRM daily (datos.gov.co 32sa-8pi3), simple mean of daily values"
"COP","2017-04","monthly","2877.4568","19","DS-09 TRM daily (datos.gov.co 32sa-8pi3), simple mean of daily values"
"COP","2017-05","monthly","2922.8025","20","DS-09 TRM daily (datos.gov.co 32sa-8pi3), simple mean of daily values"
"COP","2017-06","monthly","2958.3635","20","DS-09 TRM daily (datos.gov.co 32sa-8pi3), simple mean of daily values"
"COP","2017-07","monthly","3038.1089","18","DS-09 TRM daily (datos.gov.co 32sa-8pi3), simple mean of daily values"
"COP","2017-08","monthly","2972.6243","21","DS-09 TRM daily (datos.gov.co 32sa-8pi3), simple mean of daily values"
"COP","2017-09","monthly","2918.52","21","DS-09 TRM daily (datos.gov.co 32sa-8pi3), simple mean of daily values"
"COP","2017-10","monthly","2956.7026","19","DS-09 TRM daily (datos.gov.co 32sa-8pi3), simple mean of daily values"
"COP","2017-11","monthly","3014.7768","19","DS-09 TRM daily (datos.gov.co 32sa-8pi3), simple mean of daily values"
"COP","2017-12","monthly","2991.4168","19","DS-09 TRM daily (datos.gov.co 32sa-8pi3), simple mean of daily values"
"COP","2018-01","monthly","2862.1821","19","DS-09 TRM daily (datos.gov.co 32sa-8pi3), simple mean of daily values"
"COP","2018-02","monthly","2860.3558","19","DS-09 TRM daily (datos.gov.co 32sa-8pi3), simple mean of daily values"
"COP","2018-03","monthly","2848.8645","20","DS-09 TRM daily (datos.gov.co 32sa-8pi3), simple mean of daily values"
"COP","2018-04","monthly","2765.2345","20","DS-09 TRM daily (datos.gov.co 32sa-8pi3), simple mean of daily values"
"COP","2018-05","monthly","2861.7445","20","DS-09 TRM daily (datos.gov.co 32sa-8pi3), simple mean of daily values"
"COP","2018-06","monthly","2895.1025","20","DS-09 TRM daily (datos.gov.co 32sa-8pi3), simple mean of daily values"
"COP","2018-07","monthly","2881.6922","18","DS-09 TRM daily (datos.gov.co 32sa-8pi3), simple mean of daily values"
"COP","2018-08","monthly","2959.57","21","DS-09 TRM daily (datos.gov.co 32sa-8pi3), simple mean of daily values"
"COP","2018-09","monthly","3033.756","20","DS-09 TRM daily (datos.gov.co 32sa-8pi3), simple mean of daily values"
"COP","2018-10","monthly","3088.3515","20","DS-09 TRM daily (datos.gov.co 32sa-8pi3), simple mean of daily values"
"COP","2018-11","monthly","3198.2268","19","DS-09 TRM daily (datos.gov.co 32sa-8pi3), simple mean of daily values"
"COP","2018-12","monthly","3212.4835","20","DS-09 TRM daily (datos.gov.co 32sa-8pi3), simple mean of daily values"
"COP","2019-01","monthly","3159.4647","19","DS-09 TRM daily (datos.gov.co 32sa-8pi3), simple mean of daily values"
"COP","2019-02","monthly","3113.7684","19","DS-09 TRM daily (datos.gov.co 32sa-8pi3), simple mean of daily values"
"COP","2019-03","monthly","3127.691","21","DS-09 TRM daily (datos.gov.co 32sa-8pi3), simple mean of daily values"
"COP","2019-04","monthly","3154.1905","19","DS-09 TRM daily (datos.gov.co 32sa-8pi3), simple mean of daily values"
"COP","2019-05","monthly","3308.1867","21","DS-09 TRM daily (datos.gov.co 32sa-8pi3), simple mean of daily values"
"COP","2019-06","monthly","3253.3689","19","DS-09 TRM daily (datos.gov.co 32sa-8pi3), simple mean of daily values"
"COP","2019-07","monthly","3208.2895","20","DS-09 TRM daily (datos.gov.co 32sa-8pi3), simple mean of daily values"
"COP","2019-08","monthly","3413.3448","21","DS-09 TRM daily (datos.gov.co 32sa-8pi3), simple mean of daily values"
"COP","2019-09","monthly","3396.7095","19","DS-09 TRM daily (datos.gov.co 32sa-8pi3), simple mean of daily values"
"COP","2019-10","monthly","3437.7255","22","DS-09 TRM daily (datos.gov.co 32sa-8pi3), simple mean of daily values"
"COP","2019-11","monthly","3412.4532","19","DS-09 TRM daily (datos.gov.co 32sa-8pi3), simple mean of daily values"
"COP","2019-12","monthly","3376.0265","20","DS-09 TRM daily (datos.gov.co 32sa-8pi3), simple mean of daily values"
"COP","2020-01","monthly","3319.3089","19","DS-09 TRM daily (datos.gov.co 32sa-8pi3), simple mean of daily values"
"COP","2020-02","monthly","3416.319","20","DS-09 TRM daily (datos.gov.co 32sa-8pi3), simple mean of daily values"
"COP","2020-03","monthly","3886.515","20","DS-09 TRM daily (datos.gov.co 32sa-8pi3), simple mean of daily values"
"COP","2020-04","monthly","3986.561","20","DS-09 TRM daily (datos.gov.co 32sa-8pi3), simple mean of daily values"
"COP","2020-05","monthly","3856.116","20","DS-09 TRM daily (datos.gov.co 32sa-8pi3), simple mean of daily values"
"COP","2020-06","monthly","3691.5667","18","DS-09 TRM daily (datos.gov.co 32sa-8pi3), simple mean of daily values"
"COP","2020-07","monthly","3660.5991","22","DS-09 TRM daily (datos.gov.co 32sa-8pi3), simple mean of daily values"
"COP","2020-08","monthly","3788.0989","19","DS-09 TRM daily (datos.gov.co 32sa-8pi3), simple mean of daily values"
"COP","2020-09","monthly","3752.1067","21","DS-09 TRM daily (datos.gov.co 32sa-8pi3), simple mean of daily values"
"COP","2020-10","monthly","3834.2186","22","DS-09 TRM daily (datos.gov.co 32sa-8pi3), simple mean of daily values"
"COP","2020-11","monthly","3675.2075","16","DS-09 TRM daily (datos.gov.co 32sa-8pi3), simple mean of daily values"
"COP","2020-12","monthly","3468.5038","21","DS-09 TRM daily (datos.gov.co 32sa-8pi3), simple mean of daily values"
"COP","2021-01","monthly","3503.1267","18","DS-09 TRM daily (datos.gov.co 32sa-8pi3), simple mean of daily values"
"COP","2021-02","monthly","3557.7874","19","DS-09 TRM daily (datos.gov.co 32sa-8pi3), simple mean of daily values"
"COP","2021-03","monthly","3616.6471","21","DS-09 TRM daily (datos.gov.co 32sa-8pi3), simple mean of daily values"
"COP","2021-04","monthly","3651.853","20","DS-09 TRM daily (datos.gov.co 32sa-8pi3), simple mean of daily values"
"COP","2021-05","monthly","3741.9625","20","DS-09 TRM daily (datos.gov.co 32sa-8pi3), simple mean of daily values"
"COP","2021-06","monthly","3691.8284","19","DS-09 TRM daily (datos.gov.co 32sa-8pi3), simple mean of daily values"
"COP","2021-07","monthly","3833.941","21","DS-09 TRM daily (datos.gov.co 32sa-8pi3), simple mean of daily values"
"COP","2021-08","monthly","3888.668","20","DS-09 TRM daily (datos.gov.co 32sa-8pi3), simple mean of daily values"
"COP","2021-09","monthly","3821.7233","21","DS-09 TRM daily (datos.gov.co 32sa-8pi3), simple mean of daily values"
"COP","2021-10","monthly","3772.607","20","DS-09 TRM daily (datos.gov.co 32sa-8pi3), simple mean of daily values"
"COP","2021-11","monthly","3904.7559","17","DS-09 TRM daily (datos.gov.co 32sa-8pi3), simple mean of daily values"
"COP","2021-12","monthly","3967.7709","22","DS-09 TRM daily (datos.gov.co 32sa-8pi3), simple mean of daily values"
"COP","2022-01","monthly","4002.1939","18","DS-09 TRM daily (datos.gov.co 32sa-8pi3), simple mean of daily values"
"COP","2022-02","monthly","3938.9458","19","DS-09 TRM daily (datos.gov.co 32sa-8pi3), simple mean of daily values"
"COP","2022-03","monthly","3805.5214","22","DS-09 TRM daily (datos.gov.co 32sa-8pi3), simple mean of daily values"
"COP","2022-04","monthly","3804.882","20","DS-09 TRM daily (datos.gov.co 32sa-8pi3), simple mean of daily values"
"COP","2022-05","monthly","4030.665","20","DS-09 TRM daily (datos.gov.co 32sa-8pi3), simple mean of daily values"
"COP","2022-06","monthly","3922.498","20","DS-09 TRM daily (datos.gov.co 32sa-8pi3), simple mean of daily values"
"COP","2022-07","monthly","4389.3255","20","DS-09 TRM daily (datos.gov.co 32sa-8pi3), simple mean of daily values"
"COP","2022-08","monthly","4328.0324","21","DS-09 TRM daily (datos.gov.co 32sa-8pi3), simple mean of daily values"
"COP","2022-09","monthly","4435.9086","21","DS-09 TRM daily (datos.gov.co 32sa-8pi3), simple mean of daily values"
"COP","2022-10","monthly","4720.7358","19","DS-09 TRM daily (datos.gov.co 32sa-8pi3), simple mean of daily values"
"COP","2022-11","monthly","4931.3311","18","DS-09 TRM daily (datos.gov.co 32sa-8pi3), simple mean of daily values"
"COP","2022-12","monthly","4790.037","20","DS-09 TRM daily (datos.gov.co 32sa-8pi3), simple mean of daily values"
"COP","2023-01","monthly","4702.305","18","DS-09 TRM daily (datos.gov.co 32sa-8pi3), simple mean of daily values"
"COP","2023-02","monthly","4796.6363","19","DS-09 TRM daily (datos.gov.co 32sa-8pi3), simple mean of daily values"
"COP","2023-03","monthly","4760.9614","22","DS-09 TRM daily (datos.gov.co 32sa-8pi3), simple mean of daily values"
"COP","2023-04","monthly","4533.5584","19","DS-09 TRM daily (datos.gov.co 32sa-8pi3), simple mean of daily values"
"COP","2023-05","monthly","4536.83","19","DS-09 TRM daily (datos.gov.co 32sa-8pi3), simple mean of daily values"
"COP","2023-06","monthly","4213.527","20","DS-09 TRM daily (datos.gov.co 32sa-8pi3), simple mean of daily values"
"COP","2023-07","monthly","4061.5256","18","DS-09 TRM daily (datos.gov.co 32sa-8pi3), simple mean of daily values"
"COP","2023-08","monthly","4066.8705","21","DS-09 TRM daily (datos.gov.co 32sa-8pi3), simple mean of daily values"
"COP","2023-09","monthly","4007.9552","21","DS-09 TRM daily (datos.gov.co 32sa-8pi3), simple mean of daily values"
"COP","2023-10","monthly","4219.0521","19","DS-09 TRM daily (datos.gov.co 32sa-8pi3), simple mean of daily values"
"COP","2023-11","monthly","4037.5142","19","DS-09 TRM daily (datos.gov.co 32sa-8pi3), simple mean of daily values"
"COP","2023-12","monthly","3954.1405","19","DS-09 TRM daily (datos.gov.co 32sa-8pi3), simple mean of daily values"
"COP","2024-01","monthly","3926.3595","19","DS-09 TRM daily (datos.gov.co 32sa-8pi3), simple mean of daily values"
"COP","2024-02","monthly","3932.555","20","DS-09 TRM daily (datos.gov.co 32sa-8pi3), simple mean of daily values"
"COP","2024-03","monthly","3905.1753","19","DS-09 TRM daily (datos.gov.co 32sa-8pi3), simple mean of daily values"
"COP","2024-04","monthly","3867.2505","21","DS-09 TRM daily (datos.gov.co 32sa-8pi3), simple mean of daily values"
"COP","2024-05","monthly","3864.4435","20","DS-09 TRM daily (datos.gov.co 32sa-8pi3), simple mean of daily values"
"COP","2024-06","monthly","4057.1267","18","DS-09 TRM daily (datos.gov.co 32sa-8pi3), simple mean of daily values"
"COP","2024-07","monthly","4028.2755","20","DS-09 TRM daily (datos.gov.co 32sa-8pi3), simple mean of daily values"
"COP","2024-08","monthly","4067.6181","21","DS-09 TRM daily (datos.gov.co 32sa-8pi3), simple mean of daily values"
"COP","2024-09","monthly","4195.1789","19","DS-09 TRM daily (datos.gov.co 32sa-8pi3), simple mean of daily values"
"COP","2024-10","monthly","4257.7641","22","DS-09 TRM daily (datos.gov.co 32sa-8pi3), simple mean of daily values"
"COP","2024-11","monthly","4411.8311","19","DS-09 TRM daily (datos.gov.co 32sa-8pi3), simple mean of daily values"
"COP","2024-12","monthly","4384.5305","20","DS-09 TRM daily (datos.gov.co 32sa-8pi3), simple mean of daily values"
"COP","2025-01","monthly","4292.2668","19","DS-09 TRM daily (datos.gov.co 32sa-8pi3), simple mean of daily values"
"COP","2025-02","monthly","4133.5974","19","DS-09 TRM daily (datos.gov.co 32sa-8pi3), simple mean of daily values"
"COP","2025-03","monthly","4133.48","20","DS-09 TRM daily (datos.gov.co 32sa-8pi3), simple mean of daily values"
"COP","2025-04","monthly","4273.878","20","DS-09 TRM daily (datos.gov.co 32sa-8pi3), simple mean of daily values"
"COP","2025-05","monthly","4201.5043","21","DS-09 TRM daily (datos.gov.co 32sa-8pi3), simple mean of daily values"
"COP","2025-06","monthly","4113.5547","17","DS-09 TRM daily (datos.gov.co 32sa-8pi3), simple mean of daily values"
"COP","2025-07","monthly","4049.6924","21","DS-09 TRM daily (datos.gov.co 32sa-8pi3), simple mean of daily values"
"COP","2025-08","monthly","4049.928","20","DS-09 TRM daily (datos.gov.co 32sa-8pi3), simple mean of daily values"
"COP","2025-09","monthly","3914.828","20","DS-09 TRM daily (datos.gov.co 32sa-8pi3), simple mean of daily values"
"COP","2025-10","monthly","3881.4368","22","DS-09 TRM daily (datos.gov.co 32sa-8pi3), simple mean of daily values"
"COP","2025-11","monthly","3779.7606","17","DS-09 TRM daily (datos.gov.co 32sa-8pi3), simple mean of daily values"
"COP","2025-12","monthly","3797.459","20","DS-09 TRM daily (datos.gov.co 32sa-8pi3), simple mean of daily values"
"COP","2026-01","monthly","3693.1626","19","DS-09 TRM daily (datos.gov.co 32sa-8pi3), simple mean of daily values"
"COP","2026-02","monthly","3678.6984","19","DS-09 TRM daily (datos.gov.co 32sa-8pi3), simple mean of daily values"
"COP","2026-03","monthly","3714.8565","20","DS-09 TRM daily (datos.gov.co 32sa-8pi3), simple mean of daily values"
"COP","2026-04","monthly","3613.536","20","DS-09 TRM daily (datos.gov.co 32sa-8pi3), simple mean of daily values"
"COP","2026-05","monthly","3718.8553","19","DS-09 TRM daily (datos.gov.co 32sa-8pi3), simple mean of daily values"
"COP","2026-06","monthly","3497.0912","17","DS-09 TRM daily (datos.gov.co 32sa-8pi3), simple mean of daily values"
"COP","2026-07","monthly","3272.01","21","DS-09 TRM daily (datos.gov.co 32sa-8pi3), simple mean of daily values"
"COP","2026-08","monthly","3126.7758","19","DS-09 TRM daily (datos.gov.co 32sa-8pi3), simple mean of daily values"
"COP","2026-09","monthly","3184.331","21","DS-09 TRM daily (datos.gov.co 32sa-8pi3), simple mean of daily values"
"COP","2026-10","monthly","3259.7883","6","DS-09 TRM daily (datos.gov.co 32sa-8pi3), simple mean of daily values"
"COP","2000","annual","2087.9183","","DS-09 WDI PA.NUS.FCRF official rate, period average"
"COP","2001","annual","2299.8933","","DS-09 WDI PA.NUS.FCRF official rate, period average"
"COP","2002","annual","2504.6808","","DS-09 WDI PA.NUS.FCRF official rate, period average"
"COP","2003","annual","2877.5433","","DS-09 WDI PA.NUS.FCRF official rate, period average"
"COP","2004","annual","2628.3683","","DS-09 WDI PA.NUS.FCRF official rate, period average"
"COP","2005","annual","2321.1317","","DS-09 WDI PA.NUS.FCRF official rate, period average"
"COP","2006","annual","2358.5946","","DS-09 WDI PA.NUS.FCRF official rate, period average"
"COP","2007","annual","2077.811","","DS-09 WDI PA.NUS.FCRF official rate, period average"
"COP","2008","annual","1965.1375","","DS-09 WDI PA.NUS.FCRF official rate, period average"
"COP","2009","annual","2157.5983","","DS-09 WDI PA.NUS.FCRF official rate, period average"
"COP","2010","annual","1898.9975","","DS-09 WDI PA.NUS.FCRF official rate, period average"
"COP","2011","annual","1848.0167","","DS-09 WDI PA.NUS.FCRF official rate, period average"
"COP","2012","annual","1798.0117","","DS-09 WDI PA.NUS.FCRF official rate, period average"
"COP","2013","annual","1868.895","","DS-09 WDI PA.NUS.FCRF official rate, period average"
"COP","2014","annual","2001.105","","DS-09 WDI PA.NUS.FCRF official rate, period average"
"COP","2015","annual","2741.7817","","DS-09 WDI PA.NUS.FCRF official rate, period average"
"COP","2016","annual","3055.255","","DS-09 WDI PA.NUS.FCRF official rate, period average"
"COP","2017","annual","2951.4869","","DS-09 WDI PA.NUS.FCRF official rate, period average"
"COP","2018","annual","2955.704","","DS-09 WDI PA.NUS.FCRF official rate, period average"
"COP","2019","annual","3281.6222","","DS-09 WDI PA.NUS.FCRF official rate, period average"
"COP","2020","annual","3693.2758","","DS-09 WDI PA.NUS.FCRF official rate, period average"
"COP","2021","annual","3744.2442","","DS-09 WDI PA.NUS.FCRF official rate, period average"
"COP","2022","annual","4256.1942","","DS-09 WDI PA.NUS.FCRF official rate, period average"
"COP","2023","annual","4325.955","","DS-09 WDI PA.NUS.FCRF official rate, period average"
"COP","2024","annual","4074.4342","","DS-09 WDI PA.NUS.FCRF official rate, period average"
"COP","2025","annual","4053.1358","","DS-09 WDI PA.NUS.FCRF official rate, period average"
"ETB","2000","annual","8.2173","","DS-09 WDI PA.NUS.FCRF official rate, period average"
"ETB","2001","annual","8.4575","","DS-09 WDI PA.NUS.FCRF official rate, period average"
"ETB","2002","annual","8.5678","","DS-09 WDI PA.NUS.FCRF official rate, period average"
"ETB","2003","annual","8.5997","","DS-09 WDI PA.NUS.FCRF official rate, period average"
"ETB","2004","annual","8.6356","","DS-09 WDI PA.NUS.FCRF official rate, period average"
"ETB","2005","annual","8.6664","","DS-09 WDI PA.NUS.FCRF official rate, period average"
"ETB","2006","annual","8.6986","","DS-09 WDI PA.NUS.FCRF official rate, period average"
"ETB","2007","annual","8.9659","","DS-09 WDI PA.NUS.FCRF official rate, period average"
"ETB","2008","annual","9.5997","","DS-09 WDI PA.NUS.FCRF official rate, period average"
"ETB","2009","annual","11.7776","","DS-09 WDI PA.NUS.FCRF official rate, period average"
"ETB","2010","annual","14.4096","","DS-09 WDI PA.NUS.FCRF official rate, period average"
"ETB","2011","annual","16.8992","","DS-09 WDI PA.NUS.FCRF official rate, period average"
"ETB","2012","annual","17.7048","","DS-09 WDI PA.NUS.FCRF official rate, period average"
"ETB","2013","annual","18.6266","","DS-09 WDI PA.NUS.FCRF official rate, period average"
"ETB","2014","annual","19.5858","","DS-09 WDI PA.NUS.FCRF official rate, period average"
"ETB","2015","annual","20.5768","","DS-09 WDI PA.NUS.FCRF official rate, period average"
"ETB","2016","annual","21.7315","","DS-09 WDI PA.NUS.FCRF official rate, period average"
"ETB","2017","annual","23.8661","","DS-09 WDI PA.NUS.FCRF official rate, period average"
"ETB","2018","annual","27.4294","","DS-09 WDI PA.NUS.FCRF official rate, period average"
"ETB","2019","annual","29.0697","","DS-09 WDI PA.NUS.FCRF official rate, period average"
"ETB","2020","annual","34.9272","","DS-09 WDI PA.NUS.FCRF official rate, period average"
"ETB","2021","annual","43.7338","","DS-09 WDI PA.NUS.FCRF official rate, period average"
"ETB","2022","annual","51.7562","","DS-09 WDI PA.NUS.FCRF official rate, period average"
"ETB","2023","annual","54.6009","","DS-09 WDI PA.NUS.FCRF official rate, period average"
"ETB","2024","annual","82.6013","","DS-09 WDI PA.NUS.FCRF official rate, period average"
"VND","2000","annual","14167.75","","DS-09 WDI PA.NUS.FCRF official rate, period average"
"VND","2001","annual","14725.1667","","DS-09 WDI PA.NUS.FCRF official rate, period average"
"VND","2002","annual","15279.5","","DS-09 WDI PA.NUS.FCRF official rate, period average"
"VND","2003","annual","15509.5833","","DS-09 WDI PA.NUS.FCRF official rate, period average"
"VND","2004","annual","15746.0","","DS-09 WDI PA.NUS.FCRF official rate, period average"
"VND","2005","annual","15858.9167","","DS-09 WDI PA.NUS.FCRF official rate, period average"
"VND","2006","annual","15994.25","","DS-09 WDI PA.NUS.FCRF official rate, period average"
"VND","2007","annual","16105.125","","DS-09 WDI PA.NUS.FCRF official rate, period average"
"VND","2008","annual","16302.25","","DS-09 WDI PA.NUS.FCRF official rate, period average"
"VND","2009","annual","17065.0833","","DS-09 WDI PA.NUS.FCRF official rate, period average"
"VND","2010","annual","18612.9167","","DS-09 WDI PA.NUS.FCRF official rate, period average"
"VND","2011","annual","20509.75","","DS-09 WDI PA.NUS.FCRF official rate, period average"
"VND","2012","annual","20828.0","","DS-09 WDI PA.NUS.FCRF official rate, period average"
"VND","2013","annual","20933.4167","","DS-09 WDI PA.NUS.FCRF official rate, period average"
"VND","2014","annual","21148.0","","DS-09 WDI PA.NUS.FCRF official rate, period average"
"VND","2015","annual","21697.5675","","DS-09 WDI PA.NUS.FCRF official rate, period average"
"VND","2016","annual","21935.0008","","DS-09 WDI PA.NUS.FCRF official rate, period average"
"VND","2017","annual","22370.0867","","DS-09 WDI PA.NUS.FCRF official rate, period average"
"VND","2018","annual","22602.05","","DS-09 WDI PA.NUS.FCRF official rate, period average"
"VND","2019","annual","23050.2417","","DS-09 WDI PA.NUS.FCRF official rate, period average"
"VND","2020","annual","23208.3683","","DS-09 WDI PA.NUS.FCRF official rate, period average"
"VND","2021","annual","23159.7826","","DS-09 WDI PA.NUS.FCRF official rate, period average"
"VND","2022","annual","23271.2125","","DS-09 WDI PA.NUS.FCRF official rate, period average"
"VND","2023","annual","23787.3192","","DS-09 WDI PA.NUS.FCRF official rate, period average"
"VND","2024","annual","24164.8858","","DS-09 WDI PA.NUS.FCRF official rate, period average"
