"Department","Year","Area_kha"
"Antioquia","2002","127.992"
"Antioquia","2003","128.051"
"Antioquia","2004","129.296"
"Antioquia","2005","129.816"
"Antioquia","2006","126.3"
"Antioquia","2007","126.9"
"Antioquia","2008","129.1"
"Antioquia","2009","130.574"
"Antioquia","2010","131.123"
"Antioquia","2011","131.167"
"Antioquia","2012","133.613"
"Antioquia","2013","137.126"
"Antioquia","2014","130.994"
"Antioquia","2015","128.63"
"Antioquia","2016","126.396"
"Antioquia","2017","123.257"
"Antioquia","2018","120.962"
"Antioquia","2019","119.155"
"Antioquia","2020","117.532"
"Antioquia","2021","116.291"
"Antioquia","2022","114.332"
"Antioquia","2023","111.831"
"Antioquia","2024","110.43"
"Antioquia","2025","108.411"
"Arauca","2020","0.109"
"Arauca","2021","0.109"
"Arauca","2022","0.11"
"Arauca","2023","0.111"
"Arauca","2024","0.087"
"Arauca","2025","0.097"
"Bolivar","2013","0.998"
"Bolivar","2014","1.117"
"Bolivar","2015","1.159"
"Bolivar","2016","1.183"
"Bolivar","2017","1.231"
"Bolivar","2018","1.314"
"Bolivar","2019","1.386"
"Bolivar","2020","1.397"
"Bolivar","2021","1.404"
"Bolivar","2022","1.426"
"Bolivar","2023","1.492"
"Bolivar","2024","1.586"
"Bolivar","2025","1.709"
"Boyaca","2002","11.356"
"Boyaca","2003","11.225"
"Boyaca","2004","11.094"
"Boyaca","2005","10.963"
"Boyaca","2006","10.8"
"Boyaca","2007","11.1"
"Boyaca","2008","10.7"
"Boyaca","2009","10.951"
"Boyaca","2010","11.141"
"Boyaca","2011","11.273"
"Boyaca","2012","10.354"
"Boyaca","2013","11.487"
"Boyaca","2014","11.408"
"Boyaca","2015","11.524"
"Boyaca","2016","11.445"
"Boyaca","2017","10.568"
"Boyaca","2018","10.412"
"Boyaca","2019","10.252"
"Boyaca","2020","10.141"
"Boyaca","2021","10.236"
"Boyaca","2022","10.596"
"Boyaca","2023","10.645"
"Boyaca","2024","10.435"
"Boyaca","2025","10.262"
"Caldas","2002","88.824"
"Caldas","2003","88.507"
"Caldas","2004","90.872"
"Caldas","2005","89.52"
"Caldas","2006","89.1"
"Caldas","2007","87.7"
"Caldas","2008","85.0"
"Caldas","2009","83.877"
"Caldas","2010","81.918"
"Caldas","2011","80.525"
"Caldas","2012","78.577"
"Caldas","2013","77.559"
"Caldas","2014","74.528"
"Caldas","2015","72.366"
"Caldas","2016","70.789"
"Caldas","2017","68.969"
"Caldas","2018","66.02"
"Caldas","2019","63.051"
"Caldas","2020","60.821"
"Caldas","2021","59.282"
"Caldas","2022","59.058"
"Caldas","2023","58.2"
"Caldas","2024","57.638"
"Caldas","2025","57.911"
"Caquetá","2007","2.8"
"Caquetá","2008","2.8"
"Caquetá","2009","2.778"
"Caquetá","2010","2.848"
"Caquetá","2011","3.433"
"Caquetá","2012","3.681"
"Caquetá","2013","4.084"
"Caquetá","2014","3.989"
"Caquetá","2015","4.092"
"Caquetá","2016","4.156"
"Caquetá","2017","4.053"
"Caquetá","2018","4.025"
"Caquetá","2019","3.993"
"Caquetá","2020","3.801"
"Caquetá","2021","3.73"
"Caquetá","2022","3.758"
"Caquetá","2023","3.827"
"Caquetá","2024","3.841"
"Caquetá","2025","3.923"
"Casanare","2007","2.6"
"Casanare","2008","2.6"
"Casanare","2009","2.558"
"Casanare","2010","2.605"
"Casanare","2011","2.737"
"Casanare","2012","2.919"
"Casanare","2013","3.198"
"Casanare","2014","3.253"
"Casanare","2015","3.2"
"Casanare","2016","3.171"
"Casanare","2017","2.916"
"Casanare","2018","2.735"
"Casanare","2019","2.604"
"Casanare","2020","2.539"
"Casanare","2021","2.469"
"Casanare","2022","2.376"
"Casanare","2023","2.349"
"Casanare","2024","2.233"
"Casanare","2025","2.239"
"Cauca","2002","65.681"
"Cauca","2003","68.496"
"Cauca","2004","69.852"
"Cauca","2005","68.921"
"Cauca","2006","68.0"
"Cauca","2007","67.8"
"Cauca","2008","69.8"
"Cauca","2009","73.338"
"Cauca","2010","76.189"
"Cauca","2011","81.17"
"Cauca","2012","84.062"
"Cauca","2013","91.609"
"Cauca","2014","88.826"
"Cauca","2015","92.623"
"Cauca","2016","95.753"
"Cauca","2017","93.302"
"Cauca","2018","92.561"
"Cauca","2019","92.675"
"Cauca","2020","91.942"
"Cauca","2021","93.0"
"Cauca","2022","94.458"
"Cauca","2023","94.827"
"Cauca","2024","94.574"
"Cauca","2025","93.567"
"Cesar","2002","22.434"
"Cesar","2003","22.187"
"Cesar","2004","21.839"
"Cesar","2005","21.49"
"Cesar","2006","21.1"
"Cesar","2007","21.5"
"Cesar","2008","21.9"
"Cesar","2009","22.454"
"Cesar","2010","24.226"
"Cesar","2011","26.189"
"Cesar","2012","28.688"
"Cesar","2013","30.773"
"Cesar","2014","30.282"
"Cesar","2015","28.911"
"Cesar","2016","29.019"
"Cesar","2017","28.033"
"Cesar","2018","25.951"
"Cesar","2019","23.629"
"Cesar","2020","23.889"
"Cesar","2021","22.989"
"Cesar","2022","23.589"
"Cesar","2023","24.158"
"Cesar","2024","24.703"
"Cesar","2025","25.081"
"Chocó","2007","0.18"
"Chocó","2008","0.189"
"Chocó","2009","0.2"
"Chocó","2010","0.19"
"Chocó","2011","0.21"
"Chocó","2012","0.167"
"Chocó","2013","0.165"
"Chocó","2014","0.161"
"Chocó","2015","0.163"
"Chocó","2016","0.164"
"Chocó","2017","0.17"
"Chocó","2018","0.171"
"Chocó","2019","0.177"
"Chocó","2020","0.178"
"Chocó","2021","0.179"
"Chocó","2022","0.171"
"Chocó","2023","0.163"
"Chocó","2024","0.159"
"Chocó","2025","0.171"
"Cundinamarca","2002","55.445"
"Cundinamarca","2003","54.31"
"Cundinamarca","2004","53.174"
"Cundinamarca","2005","52.039"
"Cundinamarca","2006","50.9"
"Cundinamarca","2007","48.2"
"Cundinamarca","2008","48.895"
"Cundinamarca","2009","48.919"
"Cundinamarca","2010","49.358"
"Cundinamarca","2011","43.855"
"Cundinamarca","2012","40.794"
"Cundinamarca","2013","41.994"
"Cundinamarca","2014","37.996"
"Cundinamarca","2015","37.916"
"Cundinamarca","2016","37.68"
"Cundinamarca","2017","35.425"
"Cundinamarca","2018","32.325"
"Cundinamarca","2019","30.308"
"Cundinamarca","2020","29.709"
"Cundinamarca","2021","29.637"
"Cundinamarca","2022","29.361"
"Cundinamarca","2023","28.829"
"Cundinamarca","2024","28.22"
"Cundinamarca","2025","28.337"
"Huila","2002","78.232"
"Huila","2003","82.198"
"Huila","2004","93.914"
"Huila","2005","95.921"
"Huila","2006","95.1"
"Huila","2007","98.1"
"Huila","2008","102.5"
"Huila","2009","104.987"
"Huila","2010","117.842"
"Huila","2011","129.153"
"Huila","2012","139.139"
"Huila","2013","154.492"
"Huila","2014","154.983"
"Huila","2015","154.088"
"Huila","2016","151.866"
"Huila","2017","147.805"
"Huila","2018","146.763"
"Huila","2019","144.896"
"Huila","2020","144.312"
"Huila","2021","144.123"
"Huila","2022","145.741"
"Huila","2023","147.992"
"Huila","2024","149.077"
"Huila","2025","150.127"
"La Guajira","2002","4.57"
"La Guajira","2003","4.716"
"La Guajira","2004","4.85"
"La Guajira","2005","5.024"
"La Guajira","2006","4.4"
"La Guajira","2007","5.067"
"La Guajira","2008","5.083"
"La Guajira","2009","5.184"
"La Guajira","2010","5.281"
"La Guajira","2011","5.792"
"La Guajira","2012","6.214"
"La Guajira","2013","6.774"
"La Guajira","2014","6.79"
"La Guajira","2015","6.121"
"La Guajira","2016","6.131"
"La Guajira","2017","5.862"
"La Guajira","2018","5.14"
"La Guajira","2019","4.254"
"La Guajira","2020","4.217"
"La Guajira","2021","3.854"
"La Guajira","2022","3.659"
"La Guajira","2023","3.032"
"La Guajira","2024","2.781"
"La Guajira","2025","2.878"
"Magdalena","2002","17.451"
"Magdalena","2003","17.583"
"Magdalena","2004","17.726"
"Magdalena","2005","18.036"
"Magdalena","2006","18.3"
"Magdalena","2007","17.1"
"Magdalena","2008","17.6"
"Magdalena","2009","18.451"
"Magdalena","2010","18.872"
"Magdalena","2011","19.763"
"Magdalena","2012","20.556"
"Magdalena","2013","21.263"
"Magdalena","2014","21.272"
"Magdalena","2015","20.392"
"Magdalena","2016","20.517"
"Magdalena","2017","20.17"
"Magdalena","2018","19.394"
"Magdalena","2019","17.959"
"Magdalena","2020","17.968"
"Magdalena","2021","17.66"
"Magdalena","2022","17.546"
"Magdalena","2023","17.672"
"Magdalena","2024","16.943"
"Magdalena","2025","16.944"
"Meta","2007","2.4"
"Meta","2008","2.4"
"Meta","2009","2.288"
"Meta","2010","2.585"
"Meta","2011","3.007"
"Meta","2012","3.234"
"Meta","2013","3.603"
"Meta","2014","3.439"
"Meta","2015","3.534"
"Meta","2016","3.611"
"Meta","2017","3.401"
"Meta","2018","2.896"
"Meta","2019","2.886"
"Meta","2020","2.802"
"Meta","2021","2.868"
"Meta","2022","2.725"
"Meta","2023","2.936"
"Meta","2024","3.171"
"Meta","2025","3.336"
"Nariño","2002","22.998"
"Nariño","2003","24.472"
"Nariño","2004","26.146"
"Nariño","2005","26.454"
"Nariño","2006","26.8"
"Nariño","2007","27.4"
"Nariño","2008","29.0"
"Nariño","2009","30.999"
"Nariño","2010","33.536"
"Nariño","2011","35.372"
"Nariño","2012","37.12"
"Nariño","2013","39.293"
"Nariño","2014","38.862"
"Nariño","2015","38.849"
"Nariño","2016","38.751"
"Nariño","2017","38.17"
"Nariño","2018","37.264"
"Nariño","2019","36.159"
"Nariño","2020","35.76"
"Nariño","2021","35.486"
"Nariño","2022","35.673"
"Nariño","2023","35.869"
"Nariño","2024","35.706"
"Nariño","2025","36.022"
"N. Santander","2002","32.054"
"N. Santander","2003","32.075"
"N. Santander","2004","32.097"
"N. Santander","2005","32.118"
"N. Santander","2006","32.1"
"N. Santander","2007","32.1"
"N. Santander","2008","32.6"
"N. Santander","2009","33.626"
"N. Santander","2010","33.975"
"N. Santander","2011","32.904"
"N. Santander","2012","30.014"
"N. Santander","2013","30.394"
"N. Santander","2014","26.726"
"N. Santander","2015","25.439"
"N. Santander","2016","24.336"
"N. Santander","2017","23.985"
"N. Santander","2018","23.557"
"N. Santander","2019","23.027"
"N. Santander","2020","23.097"
"N. Santander","2021","22.889"
"N. Santander","2022","23.411"
"N. Santander","2023","24.117"
"N. Santander","2024","24.64"
"N. Santander","2025","24.878"
"Putumayo","2013","0.045"
"Putumayo","2014","0.129"
"Putumayo","2015","0.129"
"Putumayo","2016","0.0"
"Putumayo","2017","0.225"
"Putumayo","2018","0.226"
"Putumayo","2019","0.214"
"Putumayo","2020","0.212"
"Putumayo","2021","0.209"
"Putumayo","2022","0.208"
"Putumayo","2023","0.184"
"Putumayo","2024","0.153"
"Putumayo","2025","0.144"
"Quindio","2002","44.524"
"Quindio","2003","44.714"
"Quindio","2004","44.593"
"Quindio","2005","42.953"
"Quindio","2006","44.0"
"Quindio","2007","43.3"
"Quindio","2008","42.4"
"Quindio","2009","39.779"
"Quindio","2010","43.371"
"Quindio","2011","31.074"
"Quindio","2012","30.181"
"Quindio","2013","28.88"
"Quindio","2014","27.673"
"Quindio","2015","27.024"
"Quindio","2016","25.685"
"Quindio","2017","23.755"
"Quindio","2018","21.25"
"Quindio","2019","20.023"
"Quindio","2020","19.648"
"Quindio","2021","18.871"
"Quindio","2022","18.437"
"Quindio","2023","18.051"
"Quindio","2024","17.93"
"Quindio","2025","17.511"
"Risaralda","2002","59.383"
"Risaralda","2003","58.551"
"Risaralda","2004","57.776"
"Risaralda","2005","56.854"
"Risaralda","2006","56.2"
"Risaralda","2007","55.4"
"Risaralda","2008","54.4"
"Risaralda","2009","54.271"
"Risaralda","2010","52.884"
"Risaralda","2011","52.564"
"Risaralda","2012","52.318"
"Risaralda","2013","52.273"
"Risaralda","2014","51.032"
"Risaralda","2015","50.8"
"Risaralda","2016","50.256"
"Risaralda","2017","48.517"
"Risaralda","2018","46.394"
"Risaralda","2019","45.127"
"Risaralda","2020","44.472"
"Risaralda","2021","43.387"
"Risaralda","2022","43.184"
"Risaralda","2023","42.013"
"Risaralda","2024","40.856"
"Risaralda","2025","39.198"
"Santander","2002","42.093"
"Santander","2003","42.361"
"Santander","2004","42.751"
"Santander","2005","43.278"
"Santander","2006","41.2"
"Santander","2007","41.1"
"Santander","2008","41.5"
"Santander","2009","42.746"
"Santander","2010","44.583"
"Santander","2011","45.225"
"Santander","2012","46.83"
"Santander","2013","50.275"
"Santander","2014","50.32"
"Santander","2015","51.136"
"Santander","2016","50.609"
"Santander","2017","50.158"
"Santander","2018","50.66"
"Santander","2019","51.346"
"Santander","2020","52.013"
"Santander","2021","53.026"
"Santander","2022","54.319"
"Santander","2023","55.356"
"Santander","2024","55.699"
"Santander","2025","55.738"
"Tolima","2002","105.557"
"Tolima","2003","105.442"
"Tolima","2004","105.328"
"Tolima","2005","105.213"
"Tolima","2006","105.1"
"Tolima","2007","104.3"
"Tolima","2008","102.8"
"Tolima","2009","103.905"
"Tolima","2010","106.792"
"Tolima","2011","109.857"
"Tolima","2012","113.152"
"Tolima","2013","119.333"
"Tolima","2014","117.179"
"Tolima","2015","118.431"
"Tolima","2016","117.274"
"Tolima","2017","112.867"
"Tolima","2018","111.711"
"Tolima","2019","108.166"
"Tolima","2020","106.994"
"Tolima","2021","107.028"
"Tolima","2022","106.866"
"Tolima","2023","106.837"
"Tolima","2024","105.892"
"Tolima","2025","104.267"
"Valle","2002","86.546"
"Valle","2003","85.941"
"Valle","2004","85.337"
"Valle","2005","84.732"
"Valle","2006","84.1"
"Valle","2007","82.5"
"Valle","2008","77.5"
"Valle","2009","75.776"
"Valle","2010","75.093"
"Valle","2011","75.8"
"Valle","2012","69.444"
"Valle","2013","68.394"
"Valle","2014","67.573"
"Valle","2015","64.393"
"Valle","2016","62.955"
"Valle","2017","61.113"
"Valle","2018","55.414"
"Valle","2019","52.412"
"Valle","2020","51.19"
"Valle","2021","51.385"
"Valle","2022","51.396"
"Valle","2023","50.863"
"Valle","2024","50.932"
"Valle","2025","50.308"
"TOTAL","2002","865.142"
"TOTAL","2003","870.83"
"TOTAL","2004","886.646"
"TOTAL","2005","883.331"
"TOTAL","2006","873.5"
"TOTAL","2007","877.547"
"TOTAL","2008","878.767"
"TOTAL","2009","887.661"
"TOTAL","2010","914.41"
"TOTAL","2011","921.06"
"TOTAL","2012","931.059"
"TOTAL","2013","974.011"
"TOTAL","2014","948.533"
"TOTAL","2015","940.919"
"TOTAL","2016","931.746"
"TOTAL","2017","903.951"
"TOTAL","2018","877.144"
"TOTAL","2019","853.698"
"TOTAL","2020","844.744"
"TOTAL","2021","840.112"
"TOTAL","2022","842.399"
"TOTAL","2023","841.354"
"TOTAL","2024","837.685"
"TOTAL","2025","833.059"
