"Month","Internal_Price_COP_per_carga","Base_Yield_Factor_Assumed","ExDock_Price_USc_per_lb","ICO_Composite_USc_per_lb","ICO_Colombian_Milds_USc_per_lb","ICO_Other_Milds_USc_per_lb"
"2000-01","371375.0","","126.56","82.15","130.13","111.11"
"2000-02","354297.0","","119.87","76.15","124.73","103.44"
"2000-03","360016.0","","117.69","73.49","119.51","100.73"
"2000-04","347538.0","","109.77","69.53","112.67","94.61"
"2000-05","353750.0","","111.84","69.22","110.31","94.17"
"2000-06","341688.0","","102.4","64.56","100.3","86.44"
"2000-07","345190.0","","103.78","64.09","101.67","87.35"
"2000-08","330113.0","","90.77","57.59","91.87","76.92"
"2000-09","330000.0","","91.94","57.31","89.98","75.78"
"2000-10","330000.0","","91.68","56.4","90.25","76.66"
"2000-11","330000.0","","82.25","52.18","84.01","71.54"
"2000-12","330000.0","","78.94","48.27","75.81","66.15"
"2001-01","321671.0","","76.97","49.19","75.33","65.98"
"2001-02","291527.0","","73.75","49.39","76.7","67.19"
"2001-03","297145.0","","74.25","48.52","76.94","66.5"
"2001-04","313350.0","","76.11","47.31","78.25","66.13"
"2001-05","339956.0","","81.36","49.38","80.92","69.22"
"2001-06","294696.0","","72.03","46.54","74.38","63.9"
"2001-07","280161.0","","69.28","43.07","69.7","58.72"
"2001-08","283710.0","","70.17","42.77","73.5","59.72"
"2001-09","287563.0","","70.16","41.17","68.8","58.07"
"2001-10","260782.0","","63.14","42.16","62.87","56.4"
"2001-11","274963.0","","62.45","44.24","64.89","58.85"
"2001-12","269964.0","","62.4","43.36","62.33","56.72"
"2002-01","276480.0","","62.46","43.46","62.51","58.25"
"2002-02","270960.0","","60.74","44.3","62.67","59.12"
"2002-03","296859.0","","68.6","49.49","68.27","64.47"
"2002-04","307892.0","","68.28","50.19","69.63","65.29"
"2002-05","284464.0","","65.7","47.3","65.95","61.4"
"2002-06","277875.0","","61.48","45.56","62.94","58.57"
"2002-07","264823.0","","60.89","44.68","60.6","56.61"
"2002-08","260185.0","","56.92","42.78","58.1","54.28"
"2002-09","302300.0","","64.1","48.14","64.15","60.9"
"2002-10","311722.0","","67.85","50.79","67.92","65.73"
"2002-11","322517.0","","70.02","54.69","70.7","69.87"
"2002-12","285694.0","","65.61","51.68","65.38","64.16"
"2003-01","323838.0","","67.03","53.99","67.27","65.57"
"2003-02","320897.0","","67.01","54.07","67.47","66.41"
"2003-03","299593.0","","62.83","49.61","62.15","61.75"
"2003-04","312583.0","","65.08","51.82","64.4","64.69"
"2003-05","314218.0","","66.16","53.19","65.73","66.26"
"2003-06","290500.0","","61.74","48.91","61.61","61.02"
"2003-07","319355.0","","64.59","50.88","64.88","62.95"
"2003-08","300726.0","","65.85","52.22","65.65","63.89"
"2003-09","308633.0","","67.65","54.1","67.55","66.41"
"2003-10","296230.0","","66.1","51.72","66.17","64.3"
"2003-11","298533.0","","64.96","49.81","64.39","62.28"
"2003-12","304540.0","","66.51","52.44","66.68","64.86"
"2004-01","334391.0","","71.32","58.69","73.76","72.73"
"2004-02","334858.0","","76.59","59.87","76.53","76.21"
"2004-03","342669.0","","78.26","60.8","77.97","78.06"
"2004-04","327254.0","","75.66","58.79","75.22","75.44"
"2004-05","346230.0","","76.24","59.91","77.17","76.99"
"2004-06","379408.0","","83.31","64.28","82.51","82.21"
"2004-07","320315.0","","77.32","58.46","76.13","74.94"
"2004-08","317887.0","","74.79","56.98","75.35","73.61"
"2004-09","351521.0","","80.35","61.47","81.02","80.47"
"2004-10","351024.0","","83.34","61.1","83.02","80.55"
"2004-11","388121.0","","90.88","67.74","92.83","90.27"
"2004-12","422786.0","","104.89","77.72","105.75","104.12"
"2005-01","417661.0","","107.88","79.35","108.22","107.16"
"2005-02","484335.0","","119.38","89.4","121.56","120.86"
"2005-03","558593.0","","135.56","101.44","135.54","135.03"
"2005-04","518929.0","","129.0","97.96","129.51","129.26"
"2005-05","503161.0","","130.19","99.78","128.87","128.37"
"2005-06","464250.0","","123.67","96.29","121.29","121.16"
"2005-07","414730.0","","112.32","88.48","110.79","109.93"
"2005-08","410843.0","","109.75","85.31","108.94","108.16"
"2005-09","383388.0","","102.81","78.79","101.15","99.49"
"2005-10","430415.0","","104.68","82.55","106.21","105.04"
"2005-11","450658.0","","109.14","85.93","109.0","107.74"
"2005-12","447875.0","","107.12","86.85","107.69","105.77"
"2006-01","525206.0","","124.3","101.2","126.92","124.2"
"2006-02","476201.0","","123.04","97.39","121.31","119.12"
"2006-03","445254.0","","116.94","92.76","116.01","113.66"
"2006-04","467946.0","","117.42","94.2","117.87","115.42"
"2006-05","457887.0","","113.79","90.0","111.81","109.36"
"2006-06","449379.0","","106.13","86.04","105.83","103.15"
"2006-07","451754.0","","107.62","88.57","107.85","105.0"
"2006-08","461024.0","","113.38","95.78","114.14","111.73"
"2006-09","441821.0","","112.96","95.98","111.88","109.83"
"2006-10","429121.0","","112.29","95.53","112.67","110.63"
"2006-11","475658.0","","122.23","103.48","123.95","122.27"
"2006-12","509867.0","","131.61","108.01","131.41","128.44"
"2007-01","477403.0","","127.17","105.81","126.07","124.53"
"2007-02","471286.0","","123.85","104.18","123.82","122.03"
"2007-03","440387.0","","119.49","100.09","118.33","117.08"
"2007-04","424708.0","","116.96","99.3","116.11","166.05"
"2007-05","407157.0","","114.91","100.09","115.01","113.24"
"2007-06","425562.0","","120.63","107.03","121.2","119.33"
"2007-07","417871.0","","120.83","106.2","120.78","117.63"
"2007-08","449964.0","","125.05","107.98","125.22","123.19"
"2007-09","483642.0","","129.06","113.17","130.37","128.04"
"2007-10","496407.0","","137.1","115.71","136.49","134.29"
"2007-11","489550.0","","132.62","114.43","133.32","131.0"
"2007-12","505613.0","","139.77","118.16","140.12","137.58"
"2008-01","501520.0","","142.25","122.33","142.66","139.86"
"2008-02","544293.0","","155.18","138.82","159.9","157.29"
"2008-03","494048.0","","157.1","135.72","151.64","149.89"
"2008-04","439908.0","","141.51","126.55","142.04","140.7"
"2008-05","435077.0","","143.72","126.76","143.6","141.95"
"2008-06","455125.0","","146.78","130.53","149.15","146.15"
"2008-07","463806.0","","153.34","132.78","151.18","147.36"
"2008-08","499935.0","","150.13","131.14","151.03","146.43"
"2008-09","542379.0","","150.28","126.69","148.36","143.27"
"2008-10","515869.0","","133.29","108.31","130.99","123.59"
"2008-11","523921.0","","129.87","118.09","143.46","136.2"
"2008-12","509230.0","","131.42","107.88","130.45","121.89"
"2009-01","570742.0","","139.17","108.39","142.32","128.3"
"2009-02","638629.0","","145.22","107.6","144.55","129.48"
"2009-03","660395.0","","151.36","105.87","154.16","128.52"
"2009-04","765396.0","","177.39","111.61","181.1","134.88"
"2009-05","835198.0","","206.06","123.05","212.05","150.99"
"2009-06","666450.0","","200.91","119.05","196.32","149.79"
"2009-07","642282.0","","186.97","112.9","187.29","140.9"
"2009-08","672516.0","","187.86","117.45","185.39","149.76"
"2009-09","613788.0","","178.01","116.4","177.45","148.53"
"2009-10","565702.0","","177.52","121.09","178.13","154.57"
"2009-11","591575.0","","177.49","119.67","178.33","152.21"
"2009-12","673117.0","","191.17","124.96","192.11","158.16"
"2010-01","716730.0","","204.67","126.85","207.51","158.9"
"2010-02","678531.0","","205.19","123.37","204.71","157.86"
"2010-03","688281.0","","205.55","125.3","205.71","164.5"
"2010-04","660179.0","","201.94","126.89","199.5","169.24"
"2010-05","676952.0","","199.37","128.1","200.33","173.28"
"2010-06","750262.0","","219.27","142.2","224.49","190.9"
"2010-07","810629.0","","235.58","153.41","235.52","203.21"
"2010-08","834798.0","","243.69","157.46","243.98","211.59"
"2010-09","801608.0","","248.52","163.61","247.77","222.71"
"2010-10","751222.0","","230.83","172.57","240.49","229.78"
"2010-11","790296.0","","243.9","173.9","244.02","233.48"
"2010-12","896589.0","","256.6","184.26","261.97","248.17"
"2011-01","948323.0","","279.36","197.35","279.88","263.77"
"2011-02","1024314.0","","294.56","216.03","296.44","287.89"
"2011-03","1079008.0","","301.11","224.33","300.68","292.07"
"2011-04","1070912.0","","308.55","231.24","312.95","300.12"
"2011-05","1021803.0","","306.95","227.97","302.17","291.09"
"2011-06","965117.0","","288.57","215.58","287.95","274.98"
"2011-07","931452.0","","286.76","210.36","285.21","268.02"
"2011-08","963077.0","","281.8","212.19","286.97","270.44"
"2011-09","975683.0","","296.13","213.04","287.54","274.88"
"2011-10","909089.0","","258.24","193.9","257.66","247.82"
"2011-11","925595.0","","256.94","193.66","256.99","245.09"
"2011-12","897911.0","","252.74","189.02","251.6","236.71"
"2012-01","874863.0","","256.12","188.9","255.91","237.21"
"2012-02","826220.0","","246.3","182.29","244.14","224.16"
"2012-03","727565.0","","226.07","167.77","222.84","201.26"
"2012-04","703033.0","","215.29","160.46","214.46","191.45"
"2012-05","670335.0","","209.51","157.83","207.71","184.97"
"2012-06","592504.0","","185.88","145.31","184.67","168.69"
"2012-07","648097.0","","200.92","159.18","202.91","190.91"
"2012-08","611621.0","","188.58","148.5","187.14","174.82"
"2012-09","623425.0","","189.28","151.28","190.1","178.98"
"2012-10","589464.0","","183.16","147.12","181.39","173.32"
"2012-11","538683.0","","171.1","136.35","170.08","159.91"
"2012-12","521262.0","","166.05","131.31","164.4","152.74"
"2013-01","527980.0","","168.83","135.38","169.19","157.29"
"2013-02","504406.0","","162.53","131.51","161.7","149.46"
"2013-03","512520.0","","161.75","131.38","161.53","149.78"
"2013-04","515554.0","","162.19","129.55","161.76","149.81"
"2013-05","511000.0","","160.0","126.96","158.35","147.19"
"2013-06","476450.0","","148.42","117.58","147.55","138.26"
"2013-07","467210.0","","147.53","118.93","147.46","138.39"
"2013-08","452133.0","","144.29","116.45","143.26","135.15"
"2013-09","435562.0","","139.12","111.82","138.6","132.28"
"2013-10","407206.0","","135.17","107.03","133.83","128.7"
"2013-11","384812.0","","125.36","100.99","124.65","122.02"
"2013-12","401649.0","","125.92","106.56","126.54","125.97"
"2014-01","429661.0","","131.97","110.75","132.9","132.73"
"2014-02","602312.0","","159.68","137.81","172.22","173.64"
"2014-03","758746.0","","210.15","165.03","211.07","214.09"
"2014-04","796838.0","","216.08","170.58","220.62","223.48"
"2014-05","743899.0","","216.42","163.94","211.66","214.2"
"2014-06","664917.0","","195.87","151.92","195.17","197.89"
"2014-07","644649.0","","193.03","152.5","194.21","196.9"
"2014-08","715621.0","","210.41","163.08","211.6","212.97"
"2014-09","715708.0","","208.09","161.79","206.78","210.53"
"2014-10","805931.0","","223.1","172.88","222.59","225.29"
"2014-11","771579.0","","206.74","162.17","206.41","209.38"
"2014-12","781746.0","","193.33","150.66","190.16","193.6"
"2015-01","768548.0","","185.31","148.24","185.26","190.0"
"2015-02","724982.0","","177.09","141.1","174.11","178.89"
"2015-03","684923.0","","155.88","127.04","154.29","160.74"
"2015-04","687371.0","","156.46","129.02","157.06","164.0"
"2015-05","631319.0","","152.33","123.49","150.19","158.48"
"2015-06","671900.0","","151.13","124.97","152.02","159.75"
"2015-07","678778.0","","145.92","119.77","144.52","154.45"
"2015-08","772657.0","","147.13","121.21","146.96","156.92"
"2015-09","718671.0","","136.42","113.14","135.55","146.15"
"2015-10","733637.0","","142.78","118.43","143.1","153.25"
"2015-11","735033.0","","138.4","115.03","138.63","147.98"
"2015-12","789258.0","","139.69","114.63","139.89","148.66"
"2016-01","787528.0","","136.43","110.91","135.27","145.14"
"2016-02","791776.0","","137.19","111.75","137.17","147.7"
"2016-03","799129.0","","144.37","117.83","145.2","157.5"
"2016-04","756367.0","","144.55","117.93","143.66","154.22"
"2016-05","755323.0","","144.58","119.91","144.49","155.19"
"2016-06","794433.0","","153.94","128.0","158.09","166.56"
"2016-07","835516.0","","164.04","132.82","164.25","171.54"
"2016-08","794032.0","","160.73","131.0","160.78","167.54"
"2016-09","860867.0","","167.62","138.22","168.85","176.3"
"2016-10","914613.0","","170.55","142.68","172.28","178.96"
"2016-11","1007533.0","","179.78","145.82","177.85","184.12"
"2016-12","860806.0","","160.92","131.7","156.64","161.78"
"2017-01","883226.0","","163.71","139.07","164.96","168.61"
"2017-02","859286.0","","164.81","137.68","163.67","166.35"
"2017-03","850065.0","","159.23","134.07","158.4","160.15"
"2017-04","804900.0","","156.0","130.39","154.97","155.4"
"2017-05","802516.0","","151.24","125.4","151.41","150.0"
"2017-06","783400.0","","146.86","122.39","146.12","143.22"
"2017-07","849323.0","","150.91","127.26","152.51","149.66"
"2017-08","851903.0","","156.46","128.24","155.15","149.88"
"2017-09","813762.0","","151.57","124.47","151.44","146.54"
"2017-10","776919.0","","145.01","120.01","144.25","140.71"
"2017-11","784504.0","","143.85","117.26","144.09","140.9"
"2017-12","757968.0","","142.51","113.93","141.51","137.3"
"2018-01","763903.0","","143.48","115.6","143.77","138.81"
"2018-02","745031.0","","142.35","114.19","141.5","136.28"
"2018-03","729855.0","","139.79","112.99","139.45","135.03"
"2018-04","715325.0","","139.0","112.56","139.29","134.34"
"2018-05","754210.0","","140.5","113.34","140.26","135.61"
"2018-06","746400.0","","139.17","110.44","138.55","134.03"
"2018-07","717839.0","","134.85","107.21","133.98","130.65"
"2018-08","705065.0","","130.99","102.72","130.22","125.57"
"2018-09","686933.0","","126.53","98.17","125.74","121.18"
"2018-10","796774.0","","138.8","111.01","140.49","137.01"
"2018-11","804283.0","","140.75","109.59","139.27","137.11"
"2018-12","727645.0","","129.62","100.61","127.86","127.1"
"2019-01","727274.0","","128.68","101.56","129.28","128.46"
"2019-02","708089.0","","128.97","100.67","127.93","128.45"
"2019-03","690581.0","","125.47","97.5","125.23","123.89"
"2019-04","680567.0","","124.07","94.42","124.42","121.13"
"2019-05","724065.0","","123.13","93.33","124.4","120.55"
"2019-06","779917.0","","132.77","99.97","133.49","129.73"
"2019-07","796484.0","","138.41","103.01","137.63","135.47"
"2019-08","798935.0","","129.89","96.07","129.2","126.23"
"2019-09","815450.0","88","131.35","97.74","131.9","128.89"
"2019-10","819581.0","88","131.88","97.35","132.09","126.99"
"2019-11","909600.0","88","143.52","107.23","146.12","140.98"
"2019-12","999129.0","88","160.17","117.37","161.5","157.11"
"2020-01","886161.0","88","150.8","106.89","147.52","142.19"
"2020-02","909103.0","88","144.13","102.0","146.43","135.5"
"2020-03","1143194.0","88","157.31","109.05","158.99","148.33"
"2020-04","1175567.0","88","164.62","108.91","161.92","154.52"
"2020-05","1068871.0","88","155.82","104.44","154.97","149.85"
"2020-06","962800.0","88","149.24","99.09","147.25","141.58"
"2020-07","1001452.0","88","151.29","103.66","153.38","146.78"
"2020-08","1143968.0","88","167.63","114.78","167.22","163.25"
"2020-09","1142233.0","88","169.84","116.25","168.36","166.56"
"2020-10","1052484.0","88","156.75","105.85","154.28","152.06"
"2020-11","1044700.0","88","161.6","109.6","161.21","150.26"
"2020-12","1047677.0","88","169.99","114.74","170.44","157.81"
"2021-01","1073194.0","88","175.24","115.73","173.42","160.68"
"2021-02","1113536.0","88","177.28","119.35","176.96","166.43"
"2021-03","1156032.0","88","179.15","120.36","177.49","167.05"
"2021-04","1207433.0","88","181.68","122.03","181.7","168.65"
"2021-05","1385935.0","88","196.26","134.78","199.02","186.46"
"2021-06","1420800.0","88","206.11","141.02","206.55","192.42"
"2021-07","1562742.0","88","214.44","152.24","218.66","204.29"
"2021-08","1704806.0","88","226.9","160.14","225.4","216.24"
"2021-09","1712138.0","88","238.32","170.02","240.38","225.54"
"2021-10","1784935.0","88","257.13","181.57","258.87","241.06"
"2021-11","1999655.0","88","273.64","195.17","279.56","258.95"
"2021-12","2116484.0","88","291.95","203.06","290.55","267.71"
"2022-01","2148333.0","88","293.2","204.29","294.93","271.08"
"2022-02","2213333.0","88","305.52","210.89","306.41","279.83"
"2022-03","1988774.0","88","287.91","194.78","285.81","258.49"
"2022-04","2027448.0","88","292.58","198.37","292.64","265.4"
"2022-05","2096733.0","88","285.19","193.71","286.44","260.42"
"2022-06","2172233.0","88","301.24","202.46","301.57","273.69"
"2022-07","2250290.0","88","286.99","190.82","286.07","255.91"
"2022-08","2315548.0","88","292.52","200.11","295.66","268.43"
"2022-09","2398967.0","88","296.46","199.93","294.46","267.87"
"2022-10","2277290.0","88","269.49","178.54","261.95","240.08"
"2022-11","1990067.0","88","225.1","156.66","223.22","213.85"
"2022-12","1933032.0","88","223.89","157.19","224.12","210.24"
"2023-01","1838032.0","88","218.24","156.95","218.91","206.76"
"2023-02","2075286.0","88","237.04","174.77","238.58","229.73"
"2023-03","1993129.0","88","228.24","170.03","225.54","222.36"
"2023-04","1978900.0","88","232.37","178.57","234.86","229.56"
"2023-05","1895968.0","88","229.08","175.48","226.94","220.12"
"2023-06","1577900.0","88","215.44","171.25","211.85","207.39"
"2023-07","1318774.0","88","190.33","158.88","190.58","193.49"
"2023-08","1319097.0","88","188.71","154.53","187.55","186.73"
"2023-09","1285967.0","88","186.0","153.13","184.98","183.52"
"2023-10","1379065.0","88","184.97","151.94","185.97","183.95"
"2023-11","1406448.0","88","194.46","161.53","195.85","197.18"
"2023-12","1468258.0","88","206.92","175.73","210.68","210.76"
"2024-01","1423000.0","88","206.56","176.41","205.62","203.3"
"2024-02","1456862.0","88","210.13","182.04","209.53","208.78"
"2024-03","1440129.0","88","207.55","186.39","210.27","208.88"
"2024-04","1661933.0","94","237.31","216.89","241.8","239.73"
"2024-05","1596129.0","94","232.35","208.38","233.5","232.11"
"2024-06","1817033.0","94","249.94","226.83","250.39","248.39"
"2024-07","1876387.0","94","257.98","236.54","257.82","257.1"
"2024-08","1943323.0","94","261.0","238.92","263.76","261.44"
"2024-09","2120233.0","94","276.25","258.9","279.27","278.52"
"2024-10","2173290.0","94","280.04","250.5","277.1","276.77"
"2024-11","2456567.0","94","293.94","270.72","306.21","304.98"
"2024-12","2764871.0","94","340.52","299.61","341.0","343.34"
"2025-01","2751258.0","94","345.95","310.12","351.93","354.47"
"2025-02","3118571.0","94","408.11","354.32","410.64","409.48"
"2025-03","3054452.0","94","404.08","347.85","404.97","404.02"
"2025-04","3044433.0","94","390.21","335.76","394.14","392.84"
"2025-05","3012759.0","94","401.82","334.41","395.59","397.84"
"2025-06","2700567.0","94","366.97","295.06","360.08","363.16"
"2025-07","2369903.0","94","323.66","259.31","322.37","325.5"
"2025-08","2758032.0","94","352.68","297.05","366.72","366.32"
"2025-09","2966133.0","94","406.15","324.62","403.77","400.21"
"2025-10","2954935.0","94","401.7","326.38","403.25","403.79"
"2025-11","2889633.0","94","407.65","330.44","408.75","410.31"
"2025-12","2745226.0","94","384.99","304.68","382.32","381.14"
"2026-01","2627903.0","94","371.86","296.89","371.59","363.94"
"2026-02","2174143.0","94","337.18","267.57","330.89","321.35"
"2026-03","2227129.0","94","335.2","273.7","337.45","334.34"
"2026-04","2229900.0","94","335.11","266.24","334.56","331.22"
"2026-05","2229129.0","94","325.05","256.05","323.45","315.42"
"2026-06","2086867.0","94","319.37","248.9","324.6","307.83"
"2026-07","2244839.0","94","378.19","287.26","383.39","358.65"
"2026-08","2263548.0","94","385.91","287.29","387.46","361.31"
"2026-09","2069100.0","94","358.27","262.18","356.15","329.44"
