"ID","Label","Value","Unit","As_Of","Chg_1m","Chg_3m","Chg_12m","Direction","Fetched_At","Status","Source_URL","Note"
"MAC-01","US federal funds target rate (upper)","4.0","%","2026-10-10","0.0","0.25","0.25","flat","2026-10-10T12:36:17+00:00","ok","https://fred.stlouisfed.org/graph/fredgraph.csv?id=DFEDTARU&cosd=2013-01-01","FRED series DFEDTARU."
"MAC-02","ECB main refinancing operations rate","2.65","%","2026-10-10","0.0","0.25","0.5","flat","2026-10-10T12:36:17+00:00","ok","https://data-api.ecb.europa.eu/service/data/FM/D.U2.EUR.4F.KR.MRR_FR.LEV?lastNObservations=5000&format=jsondata","ECB Data Portal, daily level."
"MAC-04","ICE BofA EM high-yield corporate OAS","3.34","pp","2026-10-08","0.51","0.28","-0.23","up","2026-10-10T12:36:17+00:00","ok","https://fred.stlouisfed.org/graph/fredgraph.csv?id=BAMLEMHBHYCRPIOAS&cosd=2013-01-01","Option-adjusted spread. Wider = investors demanding more to hold EM credit risk. FRED serves this series from 2023-07 only, whatever start date is requested - so its chart is a shorter window than the others. The footer on each chart states its own range."
"MAC-07","ENSO / Oceanic Nino Index","2.16","degC anomaly","2026 JAS","0.36","1.21","2.42","up","2026-10-10T12:36:17+00:00","ok","https://www.cpc.ncep.noaa.gov/data/indices/oni.ascii.txt","3-month running mean anomaly, one observation per overlapping season. Above +0.5 El Nino, below -0.5 La Nina."
"MAC-12","EUR/ILS reference rate","3.426","ILS per EUR","2026-10-09","-0.092","-0.0327","-0.4691","down","2026-10-10T12:36:17+00:00","ok","https://data-api.ecb.europa.eu/service/data/EXR/D.ILS.EUR.SP00.A?lastNObservations=5000&format=jsondata","ECB daily reference rate. Relevant to a euro-denominated tranche placed with EU investors."
"MAC-03","Bank of Israel policy rate","3.25","%","2026-10-10","0.0","-0.25","-0.75","flat","2026-10-10T12:36:17+00:00","ok","https://edge.boi.gov.il/FusionEdgeServer/sdmx/v2/data/dataflow/BOI.STATISTICS/BR/1.0/MNT_RIB_BOI_D/?format=sdmx-json&lastNObservations=4000","BOI nominal interest rate, series MNT_RIB_BOI_D. The local funding cost for the Israel pilot and the discount rate on any shekel structure."
"MAC-06","FAO Food Price Index","136.0","index 2014-2016=100","2026-09","2.0","5.9","7.4","up","2026-10-08T13:34:57+00:00","stale","https://www.fao.org/media/docs/worldfoodsituationlibraries/default-document-library/food_price_indices_data.csv","Nominal headline index. Monthly back to 1990 - the longest history in this set, and the most direct macro link to PL-1 repayment stress. | last refresh failed: HTTP Error 404: Not Found"
"MAC-13","USD/ILS representative rate","3.055","ILS per USD","2026-10-09","0.043","0.049","-0.28","up","2026-10-10T12:36:17+00:00","ok","https://edge.boi.gov.il/FusionEdgeServer/sdmx/v2/data/dataflow/BOI.STATISTICS/EXR/1.0/RER_USD_ILS/?format=sdmx-json&lastNObservations=4000","BOI representative rate. The dominant pair for the Israel pilot - most hard-currency tranching would be dollar-denominated."
"MAC-14","FAO Cereals Price Index","122.8","index 2014-2016=100","2026-09","6.0","12.8","18.0","up","2026-10-08T13:34:57+00:00","stale","https://www.fao.org/media/docs/worldfoodsituationlibraries/default-document-library/food_price_indices_data.csv","The sub-index that tracks staple grains specifically. Moves ahead of and more sharply than the headline for the households in the PL-1 cohort. | last refresh failed: HTTP Error 404: Not Found"
"MAC-15","US 10-year Treasury yield","5.22","%","2026-10-08","0.42","0.67","1.06","up","2026-10-10T12:36:17+00:00","ok","https://fred.stlouisfed.org/graph/fredgraph.csv?id=DGS10&cosd=2013-01-01","The long-rate anchor. Fed funds prices the short end; a 15-25 year PL-2 PPA asset is discounted off something much closer to this."
"MAC-16","Brent crude oil price","125.44","USD/barrel","2026-10-06","23.2","56.76","54.96","up","2026-10-10T12:36:17+00:00","ok","https://fred.stlouisfed.org/graph/fredgraph.csv?id=DCOILBRENTEU&cosd=2013-01-01","Europe Brent spot, FRED DCOILBRENTEU. Sits behind both the tariff environment for PL-2 and the fuel and fertiliser costs feeding into MAC-06."
