"ID","University","Department_Program","Country","Fit_Notes","Candidate_Supervisors","Application_Status","Outreach_Plan"
"PHD-01","Hebrew University of Jerusalem","Economics / Business School (finance, risk)","Israel","Local pilot access; development economics plus finance","Economics/Business faculty - identify development/microfinance-adjacent supervisor (TBD)","Not started","Email short research proposal + CV directly to department; leverage local pilot as the differentiator for a co-supervised applied thesis."
"PHD-02","Tel Aviv University","New Environmental School / Coller School","Israel","Sustainability + finance interdisciplinary","Sustainability & finance interdisciplinary program faculty (TBD)","Not started","Email 2-page concept note referencing Sustainability Institute research themes; request an informal call before the formal application cycle."
"PHD-03","Ben-Gurion University","Public Policy and Management / Economics","Israel","Development and behavioral economics","Public Policy / behavioral economics faculty with development finance interest (TBD)","Not started","Reach out via Public Policy dept; highlight the VSLA/development finance angle; ask about co-supervision with Economics faculty."
"PHD-04","University of Oxford","Smith School / Oxford Sustainable Finance Group","UK","World-leading sustainable finance, strong DFI links","Dr Ben Caldecott (Oxford Sustainable Finance Group, Smith School)","Not started","Email the Smith School team directly; reference specific papers in outreach; apply for the funded DPhil route if available."
"PHD-05","London School of Economics","Finance / International Development","UK","Deep risk + development finance expertise","Department of Finance / Financial Markets Group - explore development-finance-adjacent faculty","Not started","Contact LSE Finance/Development Economics faculty with a 1-pager; check part-time/executive PhD options given ongoing venture work."
"PHD-06","University of Cambridge","Judge Business School / CISL","UK","Quant finance + sustainability practitioner network","Centre for Finance, Technology & Regulation (CCFTR); Prof. Andrei Kirilenko","Not started","Email Judge quant finance faculty; emphasise securitization modeling + RCT design fit; check funding via Cambridge Trust."
"PHD-07","Geneva Finance Research Institute","PhD in Finance (SFI)","Switzerland","Highly quantitative, sustainable finance research","Quantitative sustainable finance faculty (TBD)","Not started","Review the GFRI faculty list; contact regarding an applied PhD in Finance with a practitioner focus."
"PHD-08","IESEG / University of Lille","Sustainable Finance and Circular Economy","France","Applied focus, may allow more fieldwork flexibility","Sustainable Finance program faculty; applied focus (TBD)","Not started","Contact the Sustainable Finance chair; ask about flexible/part-time doctoral tracks for practitioners."
"PHD-09","Loughborough Business School","Sustainable Development, Economic Growth and Finance","UK","Financial systems + inclusive growth focus","Sustainable Development / financial systems + inclusive growth faculty (TBD)","Not started","Email Sustainable Development faculty; confirm fit with an empirical microfinance/impact-evaluation focus."
