"ID","Chain","Risk_Type","Risk_Owner_Today","Transfer_Mechanism_Today","Residual_Risk_Holder","Observability_Score","Pricing_Quality_Score","Data_Availability","RT7_Treatment","Potential_SFV_Intervention","Evidence_Refs","Basis","Notes"
"RA-01","Coffee collective facility","Member repayment and default","Collective (on-lender of record)","Group pressure, internal credit fund reserves where they exist","Collective, then its lender","2","1","Internal credit fund records, often informal (LIT-031)","Conditional PD from DSCR (pd_curve), EAD x LGD, residual correlation","Origination standard (RT-1) applied to the internal credit fund; portfolio excess-of-loss layer","LIT-031; LIT-033","RT-7 v0.2 assumption","How the model allocates it; the Gate-2 question is whether a real collective's by-laws agree."
"RA-02","Coffee collective facility","Collective liquidity and governance","Collective","None","Collective's lender","2","1","Audited accounts where the collective is a registered union","Net cash flow as first-loss buffer; collective_fixed_cost_usd; reserve_share_of_margin","Governance scorecard; reserve policy as a facility covenant","LIT-031","RT-7 v0.2 assumption","The model treats the collective's deficit as a facility loss up to the pool: an assumption about who funds the collective's operations."
"RA-03","Coffee collective facility","Climate and yield (regional)","Members, then the collective through lower volumes","None in the base model; parametric cover is the obvious layer","Members' households","3","2","CHIRPS, NASA POWER, FAOSTAT (DS-01..03); plot-level data only via partners","Regional climate factor through yield_vol into production, DSCR and the forward shortfall","Parametric resilience layer triggered on the climate factor (research plan hypothesis 2); not added until OQ-25 settles insurance scope","LIT-031; LIT-030","RT-7 v0.2 assumption","Covariate by construction: it hits every member in the same path."
"RA-04","Coffee collective facility","Commodity price","Members on spot volume; the collective on its forward book","Forward sales on a share of expected volume","Members on the unhedged share","4","3","World Bank Pink Sheet, ICO (DS-04, DS-05)","Global price factor; fwd_share, fwd_price_usd_per_t; price_vol and jumps","Price floors or options sized to the unhedged share; delivery enforcement first","LIT-035","RT-7 v0.2 assumption","A price rise, not a fall, produces the model's worst tail, because of RA-05."
"RA-05","Coffee collective facility","Delivery and side-selling","Collective (owes the buyer)","Contract penalty; none on the member side","Collective, then its lender","2","1","Delivery records per member per season (DS-08); unobserved until a partner shares them","side_sell_threshold, side_sell_elasticity; shortfall cost = cover plus penalty","Collection-account control, buyer-paid premiums on delivery, member delivery incentives: the research plan's forward-sale and receivables structure","","RT-7 v0.2 assumption","The model's most consequential assumption and its top sensitivity in every region."
"RA-06","Coffee collective facility","Local basis (farm-gate versus reference price)","Members","None","Members","2","2","Needs a farm-gate series next to DS-04","basis_local applied to spot","Measure before indexing anything to a world price","LIT-035","RT-7 v0.2 assumption","LIT-035 leaves the gap unmeasured for smallholders."
"RA-07","Coffee collective facility","Buyer or offtaker payment","Collective","Contract","Collective","3","3","Buyer contracts and payment history","Not modelled: the buyer pays on delivery at the contract price","Receivables control; buyer validation as a readiness criterion","","Not in RT-7 v0.2","Gap recorded; a payment-delay term is a one-line addition to the collective cash flow."
"RA-08","Coffee collective facility","FX (export USD versus local-currency costs and debt)","Collective and members","None","Collective and members","4","3","Central bank series","Not modelled: everything is in USD","Decide the facility's currency before modelling it","","Not in RT-7 v0.2","Gap recorded."
"RA-09","Coffee collective facility","Asset performance and collateral recovery (CapEx)","Members, then the collective","Asset as collateral","Collective","2","1","Repossession and resale records (DS-07)","lgd_capex as a flat severity","Collateral-value protection on productive assets (research plan hypothesis 4)","LIT-031","RT-7 v0.2 assumption","A flat LGD hides the fire-sale correlation between a bad year and low resale values."
"RA-10","Coffee collective facility","Institutional and market-level correlation (multiple borrowing, contagion)","Nobody prices it","None","Collective's lender","1","1","EXP-25 on partner loan panels","residual_correlation on top of the structural PD","Market-penetration screen in the readiness scorecard; EXP-25 to estimate it","LIT-036; LIT-037","RT-7 v0.2 assumption","The channel the historical crises ran through; kept separate so it can be estimated rather than assumed."
