"Region","Parameter","Observed_Value","Unit","Method","Window","Dataset","Computed_At","Apply_As","Note"
"colombia","price_vol","0.207918","annual log volatility","sd of monthly log returns x sqrt(12), Arabica reference series","2007-01 to 2026-09","DS-04","2026-10-08T07:30:31Z","observed","World reference price, not farm-gate; nominal series, drift removed by differencing."
"colombia","price_base_usd_per_t","7750","USD / t","mean of the last 12 months of the Arabica reference series","12 months to 2026-09","DS-04","2026-10-08T07:30:31Z","observed","Season-start level. The file ends 2026-09; refresh DS-04 before any run that is meant to be current."
"colombia","fwd_price_usd_per_t","7556.25","USD / t","derived: price_base_usd_per_t x (1 - 0.025)","12 months to 2026-09","DS-04","2026-10-08T07:30:31Z","assumption","The 2.5 percent forward discount is an assumption carried from the prototype (3900/4000); only the base is observed."
"colombia","price_mean_window_usd_per_t","4293.88","USD / t","mean of the Arabica reference series over the window (nominal)","2007-01 to 2026-09","DS-04","2026-10-08T07:30:31Z","","Observation only. The applied base is the last 12 months; this is the long-window level for a reader who wants a structural rather than a current run. Nominal, so it understates today's dollars."
"colombia","price_12m_change_p05","-0.370566","log change","5th percentile of rolling 12-month log changes","2007-01 to 2026-09","DS-04","2026-10-08T07:30:31Z","","Observation only. For comparison with the model's price_vol and jump parameters."
"colombia","price_12m_change_p50","0.0374831","log change","median rolling 12-month log change","2007-01 to 2026-09","DS-04","2026-10-08T07:30:31Z","","Observation only."
"colombia","price_12m_change_p95","0.523337","log change","95th percentile of rolling 12-month log changes","2007-01 to 2026-09","DS-04","2026-10-08T07:30:31Z","","Observation only."
"colombia","price_jump_share","0.173333","share of 12-month windows","share of rolling 12-month windows with |log change| > 0.40","2007-01 to 2026-09","DS-04","2026-10-08T07:30:31Z","","Observation only; the model's price_jump_prob is per season and remains an assumption."
"colombia","yield_vol","0.161327","CV (year to year, national)","sd of residuals from a linear trend on log national yield","2000 to 2024","DS-01","2026-10-08T07:30:31Z","observed","National series. District and member variability are larger; this is a floor, not an estimate of the regional factor the model needs."
"colombia","base_yield_t_ha","0.860561","t green coffee / ha","trend value in the last year (actual 1.003; trend -0.07 percent a year)","2000 to 2024","DS-01","2026-10-08T07:30:31Z","observed","NATIONAL average. A coffee district or a cooperative can sit well above or below it. Replace with district statistics or DS-08 before believing the level."
"colombia","annual_rain_cv","0.243288","CV","sd / mean of district-mean annual precipitation (two districts averaged)","1981 to 2025","DS-03","2026-10-08T07:30:31Z","","Observation only; mean 1196 mm a year."
"colombia","yield_rain_corr","-0.236738","correlation","corr(yield trend residual, standardised annual rainfall anomaly), same calendar year, 25 years","2000 to 2024","DS-01; DS-03","2026-10-08T07:30:31Z","","Observation only. National yield against a two-point district rainfall index; a weak number is expected and says little either way."
"colombia","yield_price_corr","-0.198095","correlation","corr(yield trend residual, annual log change of the Arabica reference), same year, 25 years","2000 to 2024","DS-01; DS-04","2026-10-08T07:30:31Z","","Observation only, bearing on climate_price_correlation (assumed 0). A small origin's bad year barely moves the world price; a large one's can."
"ethiopia","price_vol","0.207918","annual log volatility","sd of monthly log returns x sqrt(12), Arabica reference series","2007-01 to 2026-09","DS-04","2026-10-08T07:30:31Z","observed","World reference price, not farm-gate; nominal series, drift removed by differencing."
"ethiopia","price_base_usd_per_t","7750","USD / t","mean of the last 12 months of the Arabica reference series","12 months to 2026-09","DS-04","2026-10-08T07:30:31Z","observed","Season-start level. The file ends 2026-09; refresh DS-04 before any run that is meant to be current."
"ethiopia","fwd_price_usd_per_t","7556.25","USD / t","derived: price_base_usd_per_t x (1 - 0.025)","12 months to 2026-09","DS-04","2026-10-08T07:30:31Z","assumption","The 2.5 percent forward discount is an assumption carried from the prototype (3900/4000); only the base is observed."
"ethiopia","price_mean_window_usd_per_t","4293.88","USD / t","mean of the Arabica reference series over the window (nominal)","2007-01 to 2026-09","DS-04","2026-10-08T07:30:31Z","","Observation only. The applied base is the last 12 months; this is the long-window level for a reader who wants a structural rather than a current run. Nominal, so it understates today's dollars."
"ethiopia","price_12m_change_p05","-0.370566","log change","5th percentile of rolling 12-month log changes","2007-01 to 2026-09","DS-04","2026-10-08T07:30:31Z","","Observation only. For comparison with the model's price_vol and jump parameters."
"ethiopia","price_12m_change_p50","0.0374831","log change","median rolling 12-month log change","2007-01 to 2026-09","DS-04","2026-10-08T07:30:31Z","","Observation only."
"ethiopia","price_12m_change_p95","0.523337","log change","95th percentile of rolling 12-month log changes","2007-01 to 2026-09","DS-04","2026-10-08T07:30:31Z","","Observation only."
"ethiopia","price_jump_share","0.173333","share of 12-month windows","share of rolling 12-month windows with |log change| > 0.40","2007-01 to 2026-09","DS-04","2026-10-08T07:30:31Z","","Observation only; the model's price_jump_prob is per season and remains an assumption."
"ethiopia","yield_vol","0.102882","CV (year to year, national)","sd of residuals from a linear trend on log national yield","2000 to 2024","DS-01","2026-10-08T07:30:31Z","observed","National series. District and member variability are larger; this is a floor, not an estimate of the regional factor the model needs."
"ethiopia","base_yield_t_ha","0.676749","t green coffee / ha","trend value in the last year (actual 0.667; trend -0.20 percent a year)","2000 to 2024","DS-01","2026-10-08T07:30:31Z","observed","NATIONAL average. A coffee district or a cooperative can sit well above or below it. Replace with district statistics or DS-08 before believing the level."
"ethiopia","annual_rain_cv","0.239592","CV","sd / mean of district-mean annual precipitation (two districts averaged)","1981 to 2025","DS-03","2026-10-08T07:30:31Z","","Observation only; mean 1764 mm a year."
"ethiopia","yield_rain_corr","0.266156","correlation","corr(yield trend residual, standardised annual rainfall anomaly), same calendar year, 25 years","2000 to 2024","DS-01; DS-03","2026-10-08T07:30:31Z","","Observation only. National yield against a two-point district rainfall index; a weak number is expected and says little either way."
"ethiopia","yield_price_corr","-0.165991","correlation","corr(yield trend residual, annual log change of the Arabica reference), same year, 25 years","2000 to 2024","DS-01; DS-04","2026-10-08T07:30:31Z","","Observation only, bearing on climate_price_correlation (assumed 0). A small origin's bad year barely moves the world price; a large one's can."
"vietnam","price_vol","0.186877","annual log volatility","sd of monthly log returns x sqrt(12), Robusta reference series","2007-01 to 2026-09","DS-04","2026-10-08T07:30:31Z","observed","World reference price, not farm-gate; nominal series, drift removed by differencing."
"vietnam","price_base_usd_per_t","4045.83","USD / t","mean of the last 12 months of the Robusta reference series","12 months to 2026-09","DS-04","2026-10-08T07:30:31Z","observed","Season-start level. The file ends 2026-09; refresh DS-04 before any run that is meant to be current."
"vietnam","fwd_price_usd_per_t","3944.69","USD / t","derived: price_base_usd_per_t x (1 - 0.025)","12 months to 2026-09","DS-04","2026-10-08T07:30:31Z","assumption","The 2.5 percent forward discount is an assumption carried from the prototype (3900/4000); only the base is observed."
"vietnam","price_mean_window_usd_per_t","2368.4","USD / t","mean of the Robusta reference series over the window (nominal)","2007-01 to 2026-09","DS-04","2026-10-08T07:30:31Z","","Observation only. The applied base is the last 12 months; this is the long-window level for a reader who wants a structural rather than a current run. Nominal, so it understates today's dollars."
"vietnam","price_12m_change_p05","-0.339619","log change","5th percentile of rolling 12-month log changes","2007-01 to 2026-09","DS-04","2026-10-08T07:30:31Z","","Observation only. For comparison with the model's price_vol and jump parameters."
"vietnam","price_12m_change_p50","-0.00858374","log change","median rolling 12-month log change","2007-01 to 2026-09","DS-04","2026-10-08T07:30:31Z","","Observation only."
"vietnam","price_12m_change_p95","0.490219","log change","95th percentile of rolling 12-month log changes","2007-01 to 2026-09","DS-04","2026-10-08T07:30:31Z","","Observation only."
"vietnam","price_jump_share","0.128889","share of 12-month windows","share of rolling 12-month windows with |log change| > 0.40","2007-01 to 2026-09","DS-04","2026-10-08T07:30:31Z","","Observation only; the model's price_jump_prob is per season and remains an assumption."
"vietnam","yield_vol","0.0756816","CV (year to year, national)","sd of residuals from a linear trend on log national yield","2000 to 2024","DS-01","2026-10-08T07:30:31Z","observed","National series. District and member variability are larger; this is a floor, not an estimate of the regional factor the model needs."
"vietnam","base_yield_t_ha","3.07475","t green coffee / ha","trend value in the last year (actual 2.970; trend +2.60 percent a year)","2000 to 2024","DS-01","2026-10-08T07:30:31Z","observed","NATIONAL average. A coffee district or a cooperative can sit well above or below it. Replace with district statistics or DS-08 before believing the level."
"vietnam","annual_rain_cv","0.565392","CV","sd / mean of district-mean annual precipitation (two districts averaged)","1981 to 2025","DS-03","2026-10-08T07:30:31Z","","Observation only; mean 1138 mm a year."
"vietnam","yield_rain_corr","-0.0556466","correlation","corr(yield trend residual, standardised annual rainfall anomaly), same calendar year, 25 years","2000 to 2024","DS-01; DS-03","2026-10-08T07:30:31Z","","Observation only. National yield against a two-point district rainfall index; a weak number is expected and says little either way."
"vietnam","yield_price_corr","-0.00228739","correlation","corr(yield trend residual, annual log change of the Robusta reference), same year, 25 years","2000 to 2024","DS-01; DS-04","2026-10-08T07:30:31Z","","Observation only, bearing on climate_price_correlation (assumed 0). A small origin's bad year barely moves the world price; a large one's can."
