"Region","Parameter","Value","Unit","Group","Basis","Source_Refs","Target_Source","Note"
"all","n_members","100","count","Collective","assumption","","Partner member register (LIT-033 shows registers are obtainable via unions and the Cooperatives Agency in Sidama)","Size of the synthetic collective. prototype placeholder carried over from the 2026-10-07 sfv_risk_models upload; not calibrated"
"colombia","avg_area_ha","2.0","ha","Collective","assumption","","DS-01 FAOSTAT area and holdings; partner register","Mean farm size. prototype placeholder carried over from the 2026-10-07 sfv_risk_models upload; not calibrated"
"ethiopia","avg_area_ha","1.2","ha","Collective","assumption","","DS-01 FAOSTAT area and holdings; partner register","Mean farm size. prototype placeholder carried over from the 2026-10-07 sfv_risk_models upload; not calibrated"
"vietnam","avg_area_ha","1.8","ha","Collective","assumption","","DS-01 FAOSTAT area and holdings; partner register","Mean farm size. prototype placeholder carried over from the 2026-10-07 sfv_risk_models upload; not calibrated"
"colombia","area_sd","0.8","ha","Collective","assumption","","Partner register","Dispersion of farm size (normal, clipped at 0.2 ha). prototype placeholder carried over from the 2026-10-07 sfv_risk_models upload; not calibrated"
"ethiopia","area_sd","0.5","ha","Collective","assumption","","Partner register","Dispersion of farm size (normal, clipped at 0.2 ha). prototype placeholder carried over from the 2026-10-07 sfv_risk_models upload; not calibrated"
"vietnam","area_sd","0.7","ha","Collective","assumption","","Partner register","Dispersion of farm size (normal, clipped at 0.2 ha). prototype placeholder carried over from the 2026-10-07 sfv_risk_models upload; not calibrated"
"colombia","base_yield_t_ha","0.8606","t green coffee / ha","Collective","observed","DS-01","DS-01 FAOSTAT yield series for the country; district statistics where published","Long-run regional yield. prototype placeholder carried over from the 2026-10-07 sfv_risk_models upload; not calibrated. CALIBRATED 2026-10-08 from DS-01: trend value in the last year (actual 1.003; trend -0.07 percent a year) (2000 to 2024). NATIONAL average. A coffee district or a cooperative can sit well above or below it. Replace with district statistics or DS-08 before believing the level."
"ethiopia","base_yield_t_ha","0.6767","t green coffee / ha","Collective","observed","DS-01","DS-01 FAOSTAT yield series for the country; district statistics where published","Long-run regional yield. prototype placeholder carried over from the 2026-10-07 sfv_risk_models upload; not calibrated. CALIBRATED 2026-10-08 from DS-01: trend value in the last year (actual 0.667; trend -0.20 percent a year) (2000 to 2024). NATIONAL average. A coffee district or a cooperative can sit well above or below it. Replace with district statistics or DS-08 before believing the level."
"vietnam","base_yield_t_ha","3.0747","t green coffee / ha","Collective","observed","DS-01","DS-01 FAOSTAT yield series for the country; district statistics where published","Long-run regional yield. prototype placeholder carried over from the 2026-10-07 sfv_risk_models upload; not calibrated. CALIBRATED 2026-10-08 from DS-01: trend value in the last year (actual 2.970; trend +2.60 percent a year) (2000 to 2024). NATIONAL average. A coffee district or a cooperative can sit well above or below it. Replace with district statistics or DS-08 before believing the level."
"colombia","yield_vol","0.1613","CV (year to year, regional)","Yield and price","observed","DS-01","DS-01 FAOSTAT yield history detrended; DS-02 CHIRPS and DS-03 NASA POWER for the climate link","Regional year-to-year yield variability driven by the common climate factor. prototype placeholder carried over from the 2026-10-07 sfv_risk_models upload; not calibrated. CALIBRATED 2026-10-08 from DS-01: sd of residuals from a linear trend on log national yield (2000 to 2024). National series. District and member variability are larger; this is a floor, not an estimate of the regional factor the model needs."
"ethiopia","yield_vol","0.1029","CV (year to year, regional)","Yield and price","observed","DS-01","DS-01 FAOSTAT yield history detrended; DS-02 CHIRPS and DS-03 NASA POWER for the climate link","Regional year-to-year yield variability driven by the common climate factor. prototype placeholder carried over from the 2026-10-07 sfv_risk_models upload; not calibrated. CALIBRATED 2026-10-08 from DS-01: sd of residuals from a linear trend on log national yield (2000 to 2024). National series. District and member variability are larger; this is a floor, not an estimate of the regional factor the model needs."
"vietnam","yield_vol","0.0757","CV (year to year, regional)","Yield and price","observed","DS-01","DS-01 FAOSTAT yield history detrended; DS-02 CHIRPS and DS-03 NASA POWER for the climate link","Regional year-to-year yield variability driven by the common climate factor. prototype placeholder carried over from the 2026-10-07 sfv_risk_models upload; not calibrated. CALIBRATED 2026-10-08 from DS-01: sd of residuals from a linear trend on log national yield (2000 to 2024). National series. District and member variability are larger; this is a floor, not an estimate of the regional factor the model needs."
"all","member_yield_dispersion","0.15","CV (across members, fixed)","Collective","assumption","","Partner delivery records per member","Persistent productivity differences between members (lognormal, mean 1). introduced in v0.2 to repair the risk chain; placeholder, not calibrated; v0.1 generated member yields but never used them"
"all","member_yield_idio_vol","0.1","CV (per member, per year)","Yield and price","assumption","","Partner delivery records per member across seasons","Member-level yield noise on top of the regional year. introduced in v0.2 to repair the risk chain; placeholder, not calibrated"
"colombia","production_cost_per_ha","1500","USD / ha / year","Collective","assumption","","Partner cost-of-production survey; national coffee institute cost studies","Cash cost of production deducted before debt service. introduced in v0.2 to repair the risk chain; placeholder, not calibrated; set so a median member's normal-year DSCR lands between 1.3 and 2.5"
"ethiopia","production_cost_per_ha","400","USD / ha / year","Collective","assumption","","Partner cost-of-production survey; national coffee institute cost studies","Cash cost of production deducted before debt service. introduced in v0.2 to repair the risk chain; placeholder, not calibrated; set so a median member's normal-year DSCR lands between 1.3 and 2.5"
"vietnam","production_cost_per_ha","1800","USD / ha / year","Collective","assumption","","Partner cost-of-production survey; national coffee institute cost studies","Cash cost of production deducted before debt service. introduced in v0.2 to repair the risk chain; placeholder, not calibrated; set so a median member's normal-year DSCR lands between 1.3 and 2.5"
"colombia","household_floor_usd","2000","USD / year","Collective","assumption","","Household survey data (LIT-033 and LIT-034 collect household income but not a subsistence floor)","Household consumption treated as senior to debt service. introduced in v0.2 to repair the risk chain; placeholder, not calibrated"
"ethiopia","household_floor_usd","900","USD / year","Collective","assumption","","Household survey data (LIT-033 and LIT-034 collect household income but not a subsistence floor)","Household consumption treated as senior to debt service. introduced in v0.2 to repair the risk chain; placeholder, not calibrated"
"vietnam","household_floor_usd","1800","USD / year","Collective","assumption","","Household survey data (LIT-033 and LIT-034 collect household income but not a subsistence floor)","Household consumption treated as senior to debt service. introduced in v0.2 to repair the risk chain; placeholder, not calibrated"
"colombia","other_income_mean","500","USD / year","Collective","assumption","","Household survey data","Mean non-coffee income (normal, clipped at 0). prototype placeholder carried over from the 2026-10-07 sfv_risk_models upload; not calibrated"
"ethiopia","other_income_mean","300","USD / year","Collective","assumption","","Household survey data","Mean non-coffee income (normal, clipped at 0). prototype placeholder carried over from the 2026-10-07 sfv_risk_models upload; not calibrated"
"vietnam","other_income_mean","600","USD / year","Collective","assumption","","Household survey data","Mean non-coffee income (normal, clipped at 0). prototype placeholder carried over from the 2026-10-07 sfv_risk_models upload; not calibrated"
"colombia","other_income_sd","300","USD / year","Collective","assumption","","Household survey data","Dispersion of non-coffee income. prototype placeholder carried over from the 2026-10-07 sfv_risk_models upload; not calibrated"
"ethiopia","other_income_sd","200","USD / year","Collective","assumption","","Household survey data","Dispersion of non-coffee income. prototype placeholder carried over from the 2026-10-07 sfv_risk_models upload; not calibrated"
"vietnam","other_income_sd","350","USD / year","Collective","assumption","","Household survey data","Dispersion of non-coffee income. prototype placeholder carried over from the 2026-10-07 sfv_risk_models upload; not calibrated"
"colombia","capex_share","0.4","share of members","Loans","assumption","","Partner loan book (RT-1 fields loan_purpose_code, loan_principal)","Share of members holding a CapEx loan (assets: solar, dryers, pulpers, irrigation). prototype placeholder carried over from the 2026-10-07 sfv_risk_models upload; not calibrated"
"ethiopia","capex_share","0.25","share of members","Loans","assumption","","Partner loan book (RT-1 fields loan_purpose_code, loan_principal)","Share of members holding a CapEx loan (assets: solar, dryers, pulpers, irrigation). prototype placeholder carried over from the 2026-10-07 sfv_risk_models upload; not calibrated"
"vietnam","capex_share","0.45","share of members","Loans","assumption","","Partner loan book (RT-1 fields loan_purpose_code, loan_principal)","Share of members holding a CapEx loan (assets: solar, dryers, pulpers, irrigation). prototype placeholder carried over from the 2026-10-07 sfv_risk_models upload; not calibrated"
"colombia","opex_share","0.9","share of members","Loans","assumption","","Partner loan book","Share of members holding a seasonal OpEx loan. prototype placeholder carried over from the 2026-10-07 sfv_risk_models upload; not calibrated"
"ethiopia","opex_share","0.85","share of members","Loans","assumption","","Partner loan book","Share of members holding a seasonal OpEx loan. prototype placeholder carried over from the 2026-10-07 sfv_risk_models upload; not calibrated"
"vietnam","opex_share","0.9","share of members","Loans","assumption","","Partner loan book","Share of members holding a seasonal OpEx loan. prototype placeholder carried over from the 2026-10-07 sfv_risk_models upload; not calibrated"
"colombia","avg_capex_size","2500","USD","Loans","assumption","","Partner loan book","Mean CapEx principal (lognormal). prototype placeholder carried over from the 2026-10-07 sfv_risk_models upload; not calibrated"
"ethiopia","avg_capex_size","1500","USD","Loans","assumption","","Partner loan book","Mean CapEx principal (lognormal). prototype placeholder carried over from the 2026-10-07 sfv_risk_models upload; not calibrated"
"vietnam","avg_capex_size","3000","USD","Loans","assumption","","Partner loan book","Mean CapEx principal (lognormal). prototype placeholder carried over from the 2026-10-07 sfv_risk_models upload; not calibrated"
"colombia","avg_opex_size","800","USD","Loans","assumption","","Partner loan book","Mean OpEx principal (lognormal). prototype placeholder carried over from the 2026-10-07 sfv_risk_models upload; not calibrated"
"ethiopia","avg_opex_size","500","USD","Loans","assumption","","Partner loan book","Mean OpEx principal (lognormal). prototype placeholder carried over from the 2026-10-07 sfv_risk_models upload; not calibrated"
"vietnam","avg_opex_size","900","USD","Loans","assumption","","Partner loan book","Mean OpEx principal (lognormal). prototype placeholder carried over from the 2026-10-07 sfv_risk_models upload; not calibrated"
"all","loan_size_sigma","0.35","log sd","Loans","assumption","","Partner loan book","Lognormal noise around the size-with-area line. v0.1 hard-coded 0.5 and drew sizes independently of the farm; v0.2 scales loans with area and uses a tighter 0.35"
"colombia","capex_rate","0.12","annual rate","Loans","assumption","","Partner price list; LIT-031 (Root Capital) does not disclose on-lending rates","Interest on CapEx loans. prototype placeholder carried over from the 2026-10-07 sfv_risk_models upload; not calibrated"
"ethiopia","capex_rate","0.14","annual rate","Loans","assumption","","Partner price list; LIT-031 (Root Capital) does not disclose on-lending rates","Interest on CapEx loans. prototype placeholder carried over from the 2026-10-07 sfv_risk_models upload; not calibrated"
"vietnam","capex_rate","0.11","annual rate","Loans","assumption","","Partner price list; LIT-031 (Root Capital) does not disclose on-lending rates","Interest on CapEx loans. prototype placeholder carried over from the 2026-10-07 sfv_risk_models upload; not calibrated"
"colombia","opex_rate","0.15","annual rate","Loans","assumption","","Partner price list","Interest on OpEx loans. prototype placeholder carried over from the 2026-10-07 sfv_risk_models upload; not calibrated"
"ethiopia","opex_rate","0.18","annual rate","Loans","assumption","","Partner price list","Interest on OpEx loans. prototype placeholder carried over from the 2026-10-07 sfv_risk_models upload; not calibrated"
"vietnam","opex_rate","0.14","annual rate","Loans","assumption","","Partner price list","Interest on OpEx loans. prototype placeholder carried over from the 2026-10-07 sfv_risk_models upload; not calibrated"
"colombia","capex_tenor_years","5","years","Loans","assumption","","Partner loan book","CapEx tenor, level amortisation. prototype placeholder carried over from the 2026-10-07 sfv_risk_models upload; not calibrated"
"ethiopia","capex_tenor_years","4","years","Loans","assumption","","Partner loan book","CapEx tenor, level amortisation. prototype placeholder carried over from the 2026-10-07 sfv_risk_models upload; not calibrated"
"vietnam","capex_tenor_years","5","years","Loans","assumption","","Partner loan book","CapEx tenor, level amortisation. prototype placeholder carried over from the 2026-10-07 sfv_risk_models upload; not calibrated"
"all","opex_tenor_years","1","years","Loans","assumption","","Partner loan book","OpEx tenor; modelled as a one-season bullet. prototype placeholder carried over from the 2026-10-07 sfv_risk_models upload; not calibrated"
"colombia","hedge_ratio_mean","0.5","share of crop","Marketing","assumption","","Partner delivery records (share of each member's crop delivered through the collective)","Mean share of a member's crop marketed through the collective. prototype placeholder carried over from the 2026-10-07 sfv_risk_models upload; not calibrated"
"ethiopia","hedge_ratio_mean","0.4","share of crop","Marketing","assumption","","Partner delivery records (share of each member's crop delivered through the collective)","Mean share of a member's crop marketed through the collective. prototype placeholder carried over from the 2026-10-07 sfv_risk_models upload; not calibrated"
"vietnam","hedge_ratio_mean","0.55","share of crop","Marketing","assumption","","Partner delivery records (share of each member's crop delivered through the collective)","Mean share of a member's crop marketed through the collective. prototype placeholder carried over from the 2026-10-07 sfv_risk_models upload; not calibrated"
"colombia","hedge_ratio_sd","0.15","share of crop","Marketing","assumption","","Partner delivery records","Dispersion of the delivered share across members (clipped to 0..1). prototype placeholder carried over from the 2026-10-07 sfv_risk_models upload; not calibrated"
"ethiopia","hedge_ratio_sd","0.15","share of crop","Marketing","assumption","","Partner delivery records","Dispersion of the delivered share across members (clipped to 0..1). prototype placeholder carried over from the 2026-10-07 sfv_risk_models upload; not calibrated"
"vietnam","hedge_ratio_sd","0.12","share of crop","Marketing","assumption","","Partner delivery records","Dispersion of the delivered share across members (clipped to 0..1). prototype placeholder carried over from the 2026-10-07 sfv_risk_models upload; not calibrated"
"colombia","fwd_share","0.5","share of expected delivered volume","Marketing","assumption","","Partner forward-contract book; buyer contracts","Share of the collective's expected deliveries sold forward before the season. prototype placeholder carried over from the 2026-10-07 sfv_risk_models upload; not calibrated"
"ethiopia","fwd_share","0.4","share of expected delivered volume","Marketing","assumption","","Partner forward-contract book; buyer contracts","Share of the collective's expected deliveries sold forward before the season. prototype placeholder carried over from the 2026-10-07 sfv_risk_models upload; not calibrated"
"vietnam","fwd_share","0.5","share of expected delivered volume","Marketing","assumption","","Partner forward-contract book; buyer contracts","Share of the collective's expected deliveries sold forward before the season. prototype placeholder carried over from the 2026-10-07 sfv_risk_models upload; not calibrated"
"colombia","fwd_price_usd_per_t","7556","USD / t","Marketing","assumption","DS-04","DS-04 World Bank Pink Sheet (Arabica or Robusta) at contract date; buyer contracts","Fixed forward price. prototype placeholder carried over from the 2026-10-07 sfv_risk_models upload; not calibrated. CALIBRATED 2026-10-08 from DS-04: derived: price_base_usd_per_t x (1 - 0.025) (12 months to 2026-09). The 2.5 percent forward discount is an assumption carried from the prototype (3900/4000); only the base is observed."
"ethiopia","fwd_price_usd_per_t","7556","USD / t","Marketing","assumption","DS-04","DS-04 World Bank Pink Sheet (Arabica or Robusta) at contract date; buyer contracts","Fixed forward price. prototype placeholder carried over from the 2026-10-07 sfv_risk_models upload; not calibrated. CALIBRATED 2026-10-08 from DS-04: derived: price_base_usd_per_t x (1 - 0.025) (12 months to 2026-09). The 2.5 percent forward discount is an assumption carried from the prototype (3900/4000); only the base is observed."
"vietnam","fwd_price_usd_per_t","3945","USD / t","Marketing","assumption","DS-04","DS-04 World Bank Pink Sheet (Arabica or Robusta) at contract date; buyer contracts","Fixed forward price. prototype placeholder carried over from the 2026-10-07 sfv_risk_models upload; not calibrated. CALIBRATED 2026-10-08 from DS-04: derived: price_base_usd_per_t x (1 - 0.025) (12 months to 2026-09). The 2.5 percent forward discount is an assumption carried from the prototype (3900/4000); only the base is observed."
"colombia","basis_local","0.05","share below reference price","Marketing","assumption","","Farm-gate versus reference price series (LIT-035 notes the gap is unmeasured for smallholders)","Local spot discount to the international reference. v0.1 defined it and never applied it; applied in v0.2"
"ethiopia","basis_local","0.08","share below reference price","Marketing","assumption","","Farm-gate versus reference price series (LIT-035 notes the gap is unmeasured for smallholders)","Local spot discount to the international reference. v0.1 defined it and never applied it; applied in v0.2"
"vietnam","basis_local","0.06","share below reference price","Marketing","assumption","","Farm-gate versus reference price series (LIT-035 notes the gap is unmeasured for smallholders)","Local spot discount to the international reference. v0.1 defined it and never applied it; applied in v0.2"
"colombia","penalty_per_ton_short","200","USD / t","Marketing","assumption","","Buyer contract terms","Contractual penalty on undelivered forward volume, on top of the cover-purchase cost. v0.1 defined it and never applied it"
"ethiopia","penalty_per_ton_short","150","USD / t","Marketing","assumption","","Buyer contract terms","Contractual penalty on undelivered forward volume, on top of the cover-purchase cost. v0.1 defined it and never applied it"
"vietnam","penalty_per_ton_short","180","USD / t","Marketing","assumption","","Buyer contract terms","Contractual penalty on undelivered forward volume, on top of the cover-purchase cost. v0.1 defined it and never applied it"
"all","collective_margin_rate","0.03","share of gross sales","Marketing","assumption","","Partner accounts","Margin the collective retains on sales it markets. prototype placeholder carried over from the 2026-10-07 sfv_risk_models upload; not calibrated"
"colombia","collective_fixed_cost_usd","6000","USD / year","Marketing","assumption","","Partner accounts","Fixed operating cost of the collective's marketing function. introduced in v0.2 to repair the risk chain; placeholder, not calibrated; without it the collective's cash flow could never be negative. Set at roughly half the normal-year margin so the collective is viable but thin"
"ethiopia","collective_fixed_cost_usd","1500","USD / year","Marketing","assumption","","Partner accounts","Fixed operating cost of the collective's marketing function. introduced in v0.2 to repair the risk chain; placeholder, not calibrated; without it the collective's cash flow could never be negative. Set at roughly half the normal-year margin so the collective is viable but thin"
"vietnam","collective_fixed_cost_usd","10000","USD / year","Marketing","assumption","","Partner accounts","Fixed operating cost of the collective's marketing function. introduced in v0.2 to repair the risk chain; placeholder, not calibrated; without it the collective's cash flow could never be negative. Set at roughly half the normal-year margin so the collective is viable but thin"
"all","reserve_share_of_margin","1.0","share","Buffer","assumption","","Partner reserve policy (constitution or by-laws)","Share of the collective's positive net cash flow available to absorb member defaults before the facility takes a loss. introduced in v0.2 to repair the risk chain; placeholder, not calibrated"
"all","side_sell_threshold","0.1","spot premium over forward","Marketing","assumption","","Partner delivery records in high-price seasons","Spot premium over the forward price above which members start diverting committed crop. introduced in v0.2 to repair the risk chain; placeholder, not calibrated"
"all","side_sell_elasticity","1.0","share diverted per unit premium above threshold","Marketing","assumption","","Partner delivery records in high-price seasons","How fast diversion rises with the premium: 1.0 means a 30 percent premium diverts 20 percent of committed volume at a 10 percent threshold. introduced in v0.2 to repair the risk chain; placeholder, not calibrated"
"colombia","price_base_usd_per_t","7750","USD / t","Yield and price","observed","DS-04","DS-04 World Bank Pink Sheet monthly Arabica (Colombia, Ethiopia) and Robusta (Vietnam)","International reference price at season start. prototype placeholder carried over from the 2026-10-07 sfv_risk_models upload; not calibrated. CALIBRATED 2026-10-08 from DS-04: mean of the last 12 months of the Arabica reference series (12 months to 2026-09). Season-start level. The file ends 2026-09; refresh DS-04 before any run that is meant to be current."
"ethiopia","price_base_usd_per_t","7750","USD / t","Yield and price","observed","DS-04","DS-04 World Bank Pink Sheet monthly Arabica (Colombia, Ethiopia) and Robusta (Vietnam)","International reference price at season start. prototype placeholder carried over from the 2026-10-07 sfv_risk_models upload; not calibrated. CALIBRATED 2026-10-08 from DS-04: mean of the last 12 months of the Arabica reference series (12 months to 2026-09). Season-start level. The file ends 2026-09; refresh DS-04 before any run that is meant to be current."
"vietnam","price_base_usd_per_t","4046","USD / t","Yield and price","observed","DS-04","DS-04 World Bank Pink Sheet monthly Arabica (Colombia, Ethiopia) and Robusta (Vietnam)","International reference price at season start. prototype placeholder carried over from the 2026-10-07 sfv_risk_models upload; not calibrated. CALIBRATED 2026-10-08 from DS-04: mean of the last 12 months of the Robusta reference series (12 months to 2026-09). Season-start level. The file ends 2026-09; refresh DS-04 before any run that is meant to be current."
"colombia","price_vol","0.2079","annual log volatility","Yield and price","observed","LIT-035; DS-04","DS-04 World Bank Pink Sheet history; LIT-035 gives a measured 2019/20 intra-year range (ICO composite 93.60 to 124.49 US cents/lb) as a reference point, not an estimate of this parameter","Volatility of the international price over the season. prototype placeholder carried over from the 2026-10-07 sfv_risk_models upload; not calibrated. CALIBRATED 2026-10-08 from DS-04: sd of monthly log returns x sqrt(12), Arabica reference series (2007-01 to 2026-09). World reference price, not farm-gate; nominal series, drift removed by differencing."
"ethiopia","price_vol","0.2079","annual log volatility","Yield and price","observed","LIT-035; DS-04","DS-04 World Bank Pink Sheet history; LIT-035 gives a measured 2019/20 intra-year range (ICO composite 93.60 to 124.49 US cents/lb) as a reference point, not an estimate of this parameter","Volatility of the international price over the season. prototype placeholder carried over from the 2026-10-07 sfv_risk_models upload; not calibrated. CALIBRATED 2026-10-08 from DS-04: sd of monthly log returns x sqrt(12), Arabica reference series (2007-01 to 2026-09). World reference price, not farm-gate; nominal series, drift removed by differencing."
"vietnam","price_vol","0.1869","annual log volatility","Yield and price","observed","LIT-035; DS-04","DS-04 World Bank Pink Sheet history; LIT-035 gives a measured 2019/20 intra-year range (ICO composite 93.60 to 124.49 US cents/lb) as a reference point, not an estimate of this parameter","Volatility of the international price over the season. prototype placeholder carried over from the 2026-10-07 sfv_risk_models upload; not calibrated. CALIBRATED 2026-10-08 from DS-04: sd of monthly log returns x sqrt(12), Robusta reference series (2007-01 to 2026-09). World reference price, not farm-gate; nominal series, drift removed by differencing."
"all","price_jump_prob","0.05","probability per season","Yield and price","assumption","","DS-04 price history (frost and crop-failure spikes)","Probability of a discrete price jump in the season. v0.1 hard-coded 0.05"
"all","price_jump_mean","0.15","log size","Yield and price","assumption","","DS-04 price history","Mean log size of a jump (positive: supply shocks elsewhere lift prices). v0.1 hard-coded 0.15"
"all","price_jump_sd","0.1","log sd","Yield and price","assumption","","DS-04 price history","Dispersion of the jump size. v0.1 hard-coded 0.10"
"all","climate_price_correlation","0.0","correlation","Yield and price","assumption","","Joint history of DS-01 regional yields and DS-04 prices","Correlation between the regional climate factor and the global price factor. A regional failure in a small origin barely moves the world price, so 0 is the starting assumption. introduced in v0.2 to repair the risk chain; placeholder, not calibrated"
"colombia","base_pd_capex","0.03","probability per year","Credit","assumption","","Partner loan book (LIT-031 states no default or PAR figures are disclosed for cooperative on-lending)","Normal-year PD prior for a CapEx loan at the anchor DSCR. prototype placeholder carried over from the 2026-10-07 sfv_risk_models upload; not calibrated"
"ethiopia","base_pd_capex","0.04","probability per year","Credit","assumption","","Partner loan book (LIT-031 states no default or PAR figures are disclosed for cooperative on-lending)","Normal-year PD prior for a CapEx loan at the anchor DSCR. prototype placeholder carried over from the 2026-10-07 sfv_risk_models upload; not calibrated"
"vietnam","base_pd_capex","0.035","probability per year","Credit","assumption","","Partner loan book (LIT-031 states no default or PAR figures are disclosed for cooperative on-lending)","Normal-year PD prior for a CapEx loan at the anchor DSCR. prototype placeholder carried over from the 2026-10-07 sfv_risk_models upload; not calibrated"
"colombia","base_pd_opex","0.06","probability per year","Credit","assumption","","Partner loan book","Normal-year PD prior for an OpEx loan at the anchor DSCR. prototype placeholder carried over from the 2026-10-07 sfv_risk_models upload; not calibrated"
"ethiopia","base_pd_opex","0.08","probability per year","Credit","assumption","","Partner loan book","Normal-year PD prior for an OpEx loan at the anchor DSCR. prototype placeholder carried over from the 2026-10-07 sfv_risk_models upload; not calibrated"
"vietnam","base_pd_opex","0.07","probability per year","Credit","assumption","","Partner loan book","Normal-year PD prior for an OpEx loan at the anchor DSCR. prototype placeholder carried over from the 2026-10-07 sfv_risk_models upload; not calibrated"
"all","pd_anchor_dscr","1.5","DSCR","Credit","assumption","","Backtest against partner repayment history (EXP-26 survival models)","The debt-service cover at which the base PD applies. introduced in v0.2 to repair the risk chain; placeholder, not calibrated"
"all","pd_dscr_sensitivity","3.0","logit units per unit DSCR","Credit","assumption","","Backtest against partner repayment history","Steepness of the PD response as cover deteriorates. introduced in v0.2 to repair the risk chain; placeholder, not calibrated"
"all","pd_max","0.6","probability","Credit","assumption","","Partner loss experience in shock years (LIT-031 reports 80 percent output drops at some financed producer organisations in the leaf-rust years, without repayment figures)","PD ceiling when cover collapses. introduced in v0.2 to repair the risk chain; placeholder, not calibrated"
"all","pd_floor_share","0.25","share of base PD","Credit","assumption","","Backtest against partner repayment history","PD floor as a share of the base PD when cover is very strong. introduced in v0.2 to repair the risk chain; placeholder, not calibrated"
"colombia","lgd_capex","0.3","share of EAD","Credit","assumption","","Partner recovery records on repossessed assets","Loss given default on asset-backed CapEx loans. prototype placeholder carried over from the 2026-10-07 sfv_risk_models upload; not calibrated"
"ethiopia","lgd_capex","0.35","share of EAD","Credit","assumption","","Partner recovery records on repossessed assets","Loss given default on asset-backed CapEx loans. prototype placeholder carried over from the 2026-10-07 sfv_risk_models upload; not calibrated"
"vietnam","lgd_capex","0.3","share of EAD","Credit","assumption","","Partner recovery records on repossessed assets","Loss given default on asset-backed CapEx loans. prototype placeholder carried over from the 2026-10-07 sfv_risk_models upload; not calibrated"
"colombia","lgd_opex","0.5","share of EAD","Credit","assumption","","Partner recovery records","Loss given default on unsecured seasonal loans. prototype placeholder carried over from the 2026-10-07 sfv_risk_models upload; not calibrated"
"ethiopia","lgd_opex","0.55","share of EAD","Credit","assumption","","Partner recovery records","Loss given default on unsecured seasonal loans. prototype placeholder carried over from the 2026-10-07 sfv_risk_models upload; not calibrated"
"vietnam","lgd_opex","0.5","share of EAD","Credit","assumption","","Partner recovery records","Loss given default on unsecured seasonal loans. prototype placeholder carried over from the 2026-10-07 sfv_risk_models upload; not calibrated"
"all","residual_correlation","0.1","asset correlation","Credit","assumption","LIT-036; LIT-037","EXP-25 (variance-components estimate on partner loan panels)","Default correlation NOT explained by the modelled yield and price factors: the institutional and market-level channel LIT-036 and LIT-037 document. introduced in v0.2 to repair the risk chain; placeholder, not calibrated"
"all","tranche_equity_detach","0.07","share of pool notional","Structure","assumption","LIT-013; LIT-015","RT-5 waterfall once a pooled loss distribution exists","Illustrative first-loss layer thickness. Not a proposed security"
"all","tranche_mezz_detach","0.15","share of pool notional","Structure","assumption","LIT-013; LIT-015","RT-5 waterfall","Illustrative mezzanine detachment. Not a proposed security"
"all","senior_el_target_bp","25","basis points of senior notional","Structure","assumption","","Investor or rating-agency criteria (Memo 3)","Expected-loss target used to solve for the first-loss thickness a senior investor would need. Design yardstick only; 25bp over one season is an investment-grade-style level by judgement, not a rating criterion"
