"Scenario_ID","Scenario","Level","Name","Region","Pool_USD","N_Collectives","Horizon_Seasons","EL_Pct","UL95_Pct","UL99_Pct","ES99_Pct","Sum_Standalone_UL99_Pct","Independent_UL99_Pct","Sum_Standalone_ES99_Pct","Independent_ES99_Pct","Share_Of_Portfolio_EL_Pct","Equity_EL_Pct","Mezz_EL_Pct","Senior_EL_Pct","Attachment_For_Senior_Target_Pct","N_Paths","Seed","Model_Version","Computed_At","Basis"
"RS-0","Base","portfolio","Portfolio of 12 collectives","all","2436013","12","1","0.667","2.086","4.022","17.791","5.619","5.126","19.829","10.006","100.0","7.82","0.33","0.110","1.3","5000","42","0.3","2026-10-08T10:39:44Z","SYNTHETIC - illustrative portfolio of synthetic collectives"
"RS-0","Base","region","colombia","colombia","875757","4","1","1.222","4.816","8.991","21.623","11.511","","","","65.8","15.23","0.81","0.107","4.6","5000","42","0.3","2026-10-08T10:39:44Z","SYNTHETIC - illustrative portfolio of synthetic collectives"
"RS-0","Base","region","ethiopia","ethiopia","441899","4","1","0.774","3.107","5.893","11.448","8.164","","","","21.1","10.38","0.25","0.033","1.7","5000","42","0.3","2026-10-08T10:39:44Z","SYNTHETIC - illustrative portfolio of synthetic collectives"
"RS-0","Base","region","vietnam","vietnam","1118357","4","1","0.190","0.000","0.000","19.043","0.000","","","","13.1","0.43","0.36","0.155","0.0","5000","42","0.3","2026-10-08T10:39:44Z","SYNTHETIC - illustrative portfolio of synthetic collectives"
"RS-0","Base","collective","PC-01 Huila collective A","colombia","136916","1","1","2.271","","13.202","22.496","","","","","19.1","","","","","5000","42","0.3","2026-10-08T10:39:44Z","SYNTHETIC - illustrative portfolio of synthetic collectives"
"RS-0","Base","collective","PC-02 Huila collective B","colombia","151173","1","1","1.354","","12.493","24.801","","","","","12.6","","","","","5000","42","0.3","2026-10-08T10:39:44Z","SYNTHETIC - illustrative portfolio of synthetic collectives"
"RS-0","Base","collective","PC-03 Cauca collective C","colombia","244431","1","1","0.863","","10.493","23.914","","","","","13.0","","","","","5000","42","0.3","2026-10-08T10:39:44Z","SYNTHETIC - illustrative portfolio of synthetic collectives"
"RS-0","Base","collective","PC-04 Cauca collective D","colombia","343236","1","1","1.001","","11.128","23.754","","","","","21.1","","","","","5000","42","0.3","2026-10-08T10:39:44Z","SYNTHETIC - illustrative portfolio of synthetic collectives"
"RS-0","Base","collective","PC-05 Jimma union primary A","ethiopia","60512","1","1","1.090","","8.987","14.173","","","","","4.1","","","","","5000","42","0.3","2026-10-08T10:39:44Z","SYNTHETIC - illustrative portfolio of synthetic collectives"
"RS-0","Base","collective","PC-06 Jimma union primary B","ethiopia","83901","1","1","1.137","","10.196","16.017","","","","","5.9","","","","","5000","42","0.3","2026-10-08T10:39:44Z","SYNTHETIC - illustrative portfolio of synthetic collectives"
"RS-0","Base","collective","PC-07 Sidama union primary C","ethiopia","124114","1","1","0.662","","7.883","13.560","","","","","5.1","","","","","5000","42","0.3","2026-10-08T10:39:44Z","SYNTHETIC - illustrative portfolio of synthetic collectives"
"RS-0","Base","collective","PC-08 Sidama union primary D","ethiopia","173371","1","1","0.570","","7.095","13.235","","","","","6.1","","","","","5000","42","0.3","2026-10-08T10:39:44Z","SYNTHETIC - illustrative portfolio of synthetic collectives"
"RS-0","Base","collective","PC-09 Dak Lak group A","vietnam","138759","1","1","0.189","","0.000","18.942","","","","","1.6","","","","","5000","42","0.3","2026-10-08T10:39:44Z","SYNTHETIC - illustrative portfolio of synthetic collectives"
"RS-0","Base","collective","PC-10 Dak Lak group B","vietnam","242284","1","1","0.173","","0.000","17.274","","","","","2.6","","","","","5000","42","0.3","2026-10-08T10:39:44Z","SYNTHETIC - illustrative portfolio of synthetic collectives"
"RS-0","Base","collective","PC-11 Lam Dong group C","vietnam","311353","1","1","0.202","","0.000","20.196","","","","","3.9","","","","","5000","42","0.3","2026-10-08T10:39:44Z","SYNTHETIC - illustrative portfolio of synthetic collectives"
"RS-0","Base","collective","PC-12 Lam Dong group D","vietnam","425961","1","1","0.192","","0.000","19.241","","","","","5.0","","","","","5000","42","0.3","2026-10-08T10:39:44Z","SYNTHETIC - illustrative portfolio of synthetic collectives"
"RS-1","Poor season","portfolio","Portfolio of 12 collectives","all","2436013","12","1","2.558","5.502","8.525","29.282","10.676","9.044","32.154","13.540","100.0","33.31","0.82","0.189","6.7","5000","42","0.3","2026-10-08T10:39:44Z","SYNTHETIC - illustrative portfolio of synthetic collectives"
"RS-1","Poor season","region","colombia","colombia","875757","4","1","5.590","13.214","19.171","36.333","22.651","","","","78.5","61.83","12.79","0.281","16.3","5000","42","0.3","2026-10-08T10:39:44Z","SYNTHETIC - illustrative portfolio of synthetic collectives"
"RS-1","Poor season","region","ethiopia","ethiopia","441899","4","1","2.193","6.513","9.677","16.174","13.093","","","","15.5","29.54","1.06","0.047","5.2","5000","42","0.3","2026-10-08T10:39:44Z","SYNTHETIC - illustrative portfolio of synthetic collectives"
"RS-1","Poor season","region","vietnam","vietnam","1118357","4","1","0.329","0.000","1.393","32.637","0.343","","","","5.9","0.91","0.64","0.252","15.4","5000","42","0.3","2026-10-08T10:39:44Z","SYNTHETIC - illustrative portfolio of synthetic collectives"
"RS-1","Poor season","collective","PC-01 Huila collective A","colombia","136916","1","1","6.954","","23.091","33.807","","","","","15.3","","","","","5000","42","0.3","2026-10-08T10:39:44Z","SYNTHETIC - illustrative portfolio of synthetic collectives"
"RS-1","Poor season","collective","PC-02 Huila collective B","colombia","151173","1","1","6.395","","24.656","40.030","","","","","15.5","","","","","5000","42","0.3","2026-10-08T10:39:44Z","SYNTHETIC - illustrative portfolio of synthetic collectives"
"RS-1","Poor season","collective","PC-03 Cauca collective C","colombia","244431","1","1","5.078","","22.527","39.719","","","","","19.9","","","","","5000","42","0.3","2026-10-08T10:39:44Z","SYNTHETIC - illustrative portfolio of synthetic collectives"
"RS-1","Poor season","collective","PC-04 Cauca collective D","colombia","343236","1","1","5.056","","21.681","37.324","","","","","27.8","","","","","5000","42","0.3","2026-10-08T10:39:44Z","SYNTHETIC - illustrative portfolio of synthetic collectives"
"RS-1","Poor season","collective","PC-05 Jimma union primary A","ethiopia","60512","1","1","2.652","","13.965","19.708","","","","","2.6","","","","","5000","42","0.3","2026-10-08T10:39:44Z","SYNTHETIC - illustrative portfolio of synthetic collectives"
"RS-1","Poor season","collective","PC-06 Jimma union primary B","ethiopia","83901","1","1","2.977","","15.476","21.421","","","","","4.0","","","","","5000","42","0.3","2026-10-08T10:39:44Z","SYNTHETIC - illustrative portfolio of synthetic collectives"
"RS-1","Poor season","collective","PC-07 Sidama union primary C","ethiopia","124114","1","1","1.984","","12.666","18.767","","","","","4.0","","","","","5000","42","0.3","2026-10-08T10:39:44Z","SYNTHETIC - illustrative portfolio of synthetic collectives"
"RS-1","Poor season","collective","PC-08 Sidama union primary D","ethiopia","173371","1","1","1.802","","11.941","18.387","","","","","5.0","","","","","5000","42","0.3","2026-10-08T10:39:44Z","SYNTHETIC - illustrative portfolio of synthetic collectives"
"RS-1","Poor season","collective","PC-09 Dak Lak group A","vietnam","138759","1","1","0.339","","2.763","32.708","","","","","0.8","","","","","5000","42","0.3","2026-10-08T10:39:44Z","SYNTHETIC - illustrative portfolio of synthetic collectives"
"RS-1","Poor season","collective","PC-10 Dak Lak group B","vietnam","242284","1","1","0.289","","0.000","28.886","","","","","1.1","","","","","5000","42","0.3","2026-10-08T10:39:44Z","SYNTHETIC - illustrative portfolio of synthetic collectives"
"RS-1","Poor season","collective","PC-11 Lam Dong group C","vietnam","311353","1","1","0.348","","0.000","34.777","","","","","1.7","","","","","5000","42","0.3","2026-10-08T10:39:44Z","SYNTHETIC - illustrative portfolio of synthetic collectives"
"RS-1","Poor season","collective","PC-12 Lam Dong group D","vietnam","425961","1","1","0.335","","0.000","33.467","","","","","2.3","","","","","5000","42","0.3","2026-10-08T10:39:44Z","SYNTHETIC - illustrative portfolio of synthetic collectives"
"RS-2","Leaf-rust scale shock","portfolio","Portfolio of 12 collectives","all","2436013","12","1","6.049","9.328","21.990","44.672","25.503","15.028","47.511","18.357","100.0","76.00","5.19","0.370","26.8","5000","42","0.3","2026-10-08T10:39:44Z","SYNTHETIC - illustrative portfolio of synthetic collectives"
"RS-2","Leaf-rust scale shock","region","colombia","colombia","875757","4","1","13.651","22.455","36.855","53.060","38.347","","","","81.1","96.62","64.85","2.000","37.4","5000","42","0.3","2026-10-08T10:39:44Z","SYNTHETIC - illustrative portfolio of synthetic collectives"
"RS-2","Leaf-rust scale shock","region","ethiopia","ethiopia","441899","4","1","4.777","10.681","14.361","20.902","18.248","","","","14.3","60.22","6.28","0.070","9.5","5000","42","0.3","2026-10-08T10:39:44Z","SYNTHETIC - illustrative portfolio of synthetic collectives"
"RS-2","Leaf-rust scale shock","region","vietnam","vietnam","1118357","4","1","0.600","0.146","18.645","51.041","18.311","","","","4.6","1.93","1.27","0.427","47.6","5000","42","0.3","2026-10-08T10:39:44Z","SYNTHETIC - illustrative portfolio of synthetic collectives"
"RS-2","Leaf-rust scale shock","collective","PC-01 Huila collective A","colombia","136916","1","1","14.249","","33.583","44.892","","","","","13.2","","","","","5000","42","0.3","2026-10-08T10:39:44Z","SYNTHETIC - illustrative portfolio of synthetic collectives"
"RS-2","Leaf-rust scale shock","collective","PC-02 Huila collective B","colombia","151173","1","1","15.170","","41.514","57.560","","","","","15.6","","","","","5000","42","0.3","2026-10-08T10:39:44Z","SYNTHETIC - illustrative portfolio of synthetic collectives"
"RS-2","Leaf-rust scale shock","collective","PC-03 Cauca collective C","colombia","244431","1","1","13.726","","40.943","57.588","","","","","22.8","","","","","5000","42","0.3","2026-10-08T10:39:44Z","SYNTHETIC - illustrative portfolio of synthetic collectives"
"RS-2","Leaf-rust scale shock","collective","PC-04 Cauca collective D","colombia","343236","1","1","12.689","","37.005","53.904","","","","","29.6","","","","","5000","42","0.3","2026-10-08T10:39:44Z","SYNTHETIC - illustrative portfolio of synthetic collectives"
"RS-2","Leaf-rust scale shock","collective","PC-05 Jimma union primary A","ethiopia","60512","1","1","5.215","","19.373","24.491","","","","","2.1","","","","","5000","42","0.3","2026-10-08T10:39:44Z","SYNTHETIC - illustrative portfolio of synthetic collectives"
"RS-2","Leaf-rust scale shock","collective","PC-06 Jimma union primary B","ethiopia","83901","1","1","6.050","","21.002","26.992","","","","","3.4","","","","","5000","42","0.3","2026-10-08T10:39:44Z","SYNTHETIC - illustrative portfolio of synthetic collectives"
"RS-2","Leaf-rust scale shock","collective","PC-07 Sidama union primary C","ethiopia","124114","1","1","4.533","","17.630","24.086","","","","","3.8","","","","","5000","42","0.3","2026-10-08T10:39:44Z","SYNTHETIC - illustrative portfolio of synthetic collectives"
"RS-2","Leaf-rust scale shock","collective","PC-08 Sidama union primary D","ethiopia","173371","1","1","4.183","","16.964","23.589","","","","","4.9","","","","","5000","42","0.3","2026-10-08T10:39:44Z","SYNTHETIC - illustrative portfolio of synthetic collectives"
"RS-2","Leaf-rust scale shock","collective","PC-09 Dak Lak group A","vietnam","138759","1","1","0.698","","21.678","49.620","","","","","0.7","","","","","5000","42","0.3","2026-10-08T10:39:44Z","SYNTHETIC - illustrative portfolio of synthetic collectives"
"RS-2","Leaf-rust scale shock","collective","PC-10 Dak Lak group B","vietnam","242284","1","1","0.530","","16.457","45.639","","","","","0.9","","","","","5000","42","0.3","2026-10-08T10:39:44Z","SYNTHETIC - illustrative portfolio of synthetic collectives"
"RS-2","Leaf-rust scale shock","collective","PC-11 Lam Dong group C","vietnam","311353","1","1","0.610","","18.753","54.317","","","","","1.3","","","","","5000","42","0.3","2026-10-08T10:39:44Z","SYNTHETIC - illustrative portfolio of synthetic collectives"
"RS-2","Leaf-rust scale shock","collective","PC-12 Lam Dong group D","vietnam","425961","1","1","0.600","","17.946","53.128","","","","","1.7","","","","","5000","42","0.3","2026-10-08T10:39:44Z","SYNTHETIC - illustrative portfolio of synthetic collectives"
"RS-3","Price crash","portfolio","Portfolio of 12 collectives","all","2436013","12","1","2.133","5.053","6.494","7.333","9.046","4.532","10.410","4.907","100.0","30.41","0.05","0.000","3.4","5000","42","0.3","2026-10-08T10:39:44Z","SYNTHETIC - illustrative portfolio of synthetic collectives"
"RS-3","Price crash","region","colombia","colombia","875757","4","1","4.218","10.994","14.016","15.733","17.254","","","","71.1","51.98","7.12","0.011","9.2","5000","42","0.3","2026-10-08T10:39:44Z","SYNTHETIC - illustrative portfolio of synthetic collectives"
"RS-3","Price crash","region","ethiopia","ethiopia","441899","4","1","3.390","8.764","11.789","13.466","15.336","","","","28.8","45.13","2.86","0.002","7.0","5000","42","0.3","2026-10-08T10:39:44Z","SYNTHETIC - illustrative portfolio of synthetic collectives"
"RS-3","Price crash","region","vietnam","vietnam","1118357","4","1","0.003","0.000","0.133","0.264","0.133","","","","0.1","0.05","0.00","0.000","0.0","5000","42","0.3","2026-10-08T10:39:44Z","SYNTHETIC - illustrative portfolio of synthetic collectives"
"RS-3","Price crash","collective","PC-01 Huila collective A","colombia","136916","1","1","5.751","","19.116","21.378","","","","","15.2","","","","","5000","42","0.3","2026-10-08T10:39:44Z","SYNTHETIC - illustrative portfolio of synthetic collectives"
"RS-3","Price crash","collective","PC-02 Huila collective B","colombia","151173","1","1","4.756","","18.985","21.460","","","","","13.8","","","","","5000","42","0.3","2026-10-08T10:39:44Z","SYNTHETIC - illustrative portfolio of synthetic collectives"
"RS-3","Price crash","collective","PC-03 Cauca collective C","colombia","244431","1","1","3.546","","17.147","19.229","","","","","16.7","","","","","5000","42","0.3","2026-10-08T10:39:44Z","SYNTHETIC - illustrative portfolio of synthetic collectives"
"RS-3","Price crash","collective","PC-04 Cauca collective D","colombia","343236","1","1","3.849","","15.825","18.254","","","","","25.4","","","","","5000","42","0.3","2026-10-08T10:39:44Z","SYNTHETIC - illustrative portfolio of synthetic collectives"
"RS-3","Price crash","collective","PC-05 Jimma union primary A","ethiopia","60512","1","1","3.830","","16.592","19.199","","","","","4.5","","","","","5000","42","0.3","2026-10-08T10:39:44Z","SYNTHETIC - illustrative portfolio of synthetic collectives"
"RS-3","Price crash","collective","PC-06 Jimma union primary B","ethiopia","83901","1","1","4.532","","18.334","20.889","","","","","7.3","","","","","5000","42","0.3","2026-10-08T10:39:44Z","SYNTHETIC - illustrative portfolio of synthetic collectives"
"RS-3","Price crash","collective","PC-07 Sidama union primary C","ethiopia","124114","1","1","3.149","","14.671","17.507","","","","","7.5","","","","","5000","42","0.3","2026-10-08T10:39:44Z","SYNTHETIC - illustrative portfolio of synthetic collectives"
"RS-3","Price crash","collective","PC-08 Sidama union primary D","ethiopia","173371","1","1","2.856","","13.922","16.376","","","","","9.5","","","","","5000","42","0.3","2026-10-08T10:39:44Z","SYNTHETIC - illustrative portfolio of synthetic collectives"
"RS-3","Price crash","collective","PC-09 Dak Lak group A","vietnam","138759","1","1","0.027","","1.075","2.086","","","","","0.1","","","","","5000","42","0.3","2026-10-08T10:39:44Z","SYNTHETIC - illustrative portfolio of synthetic collectives"
"RS-3","Price crash","collective","PC-10 Dak Lak group B","vietnam","242284","1","1","0.000","","0.000","0.027","","","","","0.0","","","","","5000","42","0.3","2026-10-08T10:39:44Z","SYNTHETIC - illustrative portfolio of synthetic collectives"
"RS-3","Price crash","collective","PC-11 Lam Dong group C","vietnam","311353","1","1","0.000","","0.000","0.000","","","","","0.0","","","","","5000","42","0.3","2026-10-08T10:39:44Z","SYNTHETIC - illustrative portfolio of synthetic collectives"
"RS-3","Price crash","collective","PC-12 Lam Dong group D","vietnam","425961","1","1","0.000","","0.000","0.000","","","","","0.0","","","","","5000","42","0.3","2026-10-08T10:39:44Z","SYNTHETIC - illustrative portfolio of synthetic collectives"
"RS-4","Price spike","portfolio","Portfolio of 12 collectives","all","2436013","12","1","7.483","65.447","95.778","97.598","95.798","31.097","97.600","36.031","100.0","19.03","13.60","5.956","97.4","5000","42","0.3","2026-10-08T10:39:44Z","SYNTHETIC - illustrative portfolio of synthetic collectives"
"RS-4","Price spike","region","colombia","colombia","875757","4","1","6.495","49.017","100.000","100.000","100.000","","","","31.2","20.21","11.75","4.872","","5000","42","0.3","2026-10-08T10:39:44Z","SYNTHETIC - illustrative portfolio of synthetic collectives"
"RS-4","Price spike","region","ethiopia","ethiopia","441899","4","1","3.381","22.170","76.725","86.759","76.838","","","","8.2","12.61","7.27","2.255","85.7","5000","42","0.3","2026-10-08T10:39:44Z","SYNTHETIC - illustrative portfolio of synthetic collectives"
"RS-4","Price spike","region","vietnam","vietnam","1118357","4","1","9.878","98.812","100.000","100.000","100.000","","","","60.6","16.67","14.72","8.863","","5000","42","0.3","2026-10-08T10:39:44Z","SYNTHETIC - illustrative portfolio of synthetic collectives"
"RS-4","Price spike","collective","PC-01 Huila collective A","colombia","136916","1","1","6.509","","100.000","100.000","","","","","4.9","","","","","5000","42","0.3","2026-10-08T10:39:44Z","SYNTHETIC - illustrative portfolio of synthetic collectives"
"RS-4","Price spike","collective","PC-02 Huila collective B","colombia","151173","1","1","7.014","","100.000","100.000","","","","","5.8","","","","","5000","42","0.3","2026-10-08T10:39:44Z","SYNTHETIC - illustrative portfolio of synthetic collectives"
"RS-4","Price spike","collective","PC-03 Cauca collective C","colombia","244431","1","1","6.472","","100.000","100.000","","","","","8.7","","","","","5000","42","0.3","2026-10-08T10:39:44Z","SYNTHETIC - illustrative portfolio of synthetic collectives"
"RS-4","Price spike","collective","PC-04 Cauca collective D","colombia","343236","1","1","6.278","","100.000","100.000","","","","","11.8","","","","","5000","42","0.3","2026-10-08T10:39:44Z","SYNTHETIC - illustrative portfolio of synthetic collectives"
"RS-4","Price spike","collective","PC-05 Jimma union primary A","ethiopia","60512","1","1","3.403","","69.901","79.642","","","","","1.1","","","","","5000","42","0.3","2026-10-08T10:39:44Z","SYNTHETIC - illustrative portfolio of synthetic collectives"
"RS-4","Price spike","collective","PC-06 Jimma union primary B","ethiopia","83901","1","1","3.526","","76.743","86.462","","","","","1.6","","","","","5000","42","0.3","2026-10-08T10:39:44Z","SYNTHETIC - illustrative portfolio of synthetic collectives"
"RS-4","Price spike","collective","PC-07 Sidama union primary C","ethiopia","124114","1","1","3.315","","76.684","86.858","","","","","2.3","","","","","5000","42","0.3","2026-10-08T10:39:44Z","SYNTHETIC - illustrative portfolio of synthetic collectives"
"RS-4","Price spike","collective","PC-08 Sidama union primary D","ethiopia","173371","1","1","3.351","","79.415","89.347","","","","","3.2","","","","","5000","42","0.3","2026-10-08T10:39:44Z","SYNTHETIC - illustrative portfolio of synthetic collectives"
"RS-4","Price spike","collective","PC-09 Dak Lak group A","vietnam","138759","1","1","9.831","","100.000","100.000","","","","","7.5","","","","","5000","42","0.3","2026-10-08T10:39:44Z","SYNTHETIC - illustrative portfolio of synthetic collectives"
"RS-4","Price spike","collective","PC-10 Dak Lak group B","vietnam","242284","1","1","9.400","","100.000","100.000","","","","","12.5","","","","","5000","42","0.3","2026-10-08T10:39:44Z","SYNTHETIC - illustrative portfolio of synthetic collectives"
"RS-4","Price spike","collective","PC-11 Lam Dong group C","vietnam","311353","1","1","10.100","","100.000","100.000","","","","","17.2","","","","","5000","42","0.3","2026-10-08T10:39:44Z","SYNTHETIC - illustrative portfolio of synthetic collectives"
"RS-4","Price spike","collective","PC-12 Lam Dong group D","vietnam","425961","1","1","10.003","","100.000","100.000","","","","","23.4","","","","","5000","42","0.3","2026-10-08T10:39:44Z","SYNTHETIC - illustrative portfolio of synthetic collectives"
"RS-5","Poor season and price fall","portfolio","Portfolio of 12 collectives","all","2436013","12","1","3.859","7.076","8.399","9.116","11.503","6.644","12.889","7.031","100.0","54.49","0.56","0.000","5.4","5000","42","0.3","2026-10-08T10:39:44Z","SYNTHETIC - illustrative portfolio of synthetic collectives"
"RS-5","Poor season and price fall","region","colombia","colombia","875757","4","1","8.400","15.928","18.591","20.248","22.773","","","","78.3","83.23","30.42","0.165","14.2","5000","42","0.3","2026-10-08T10:39:44Z","SYNTHETIC - illustrative portfolio of synthetic collectives"
"RS-5","Poor season and price fall","region","ethiopia","ethiopia","441899","4","1","4.603","10.569","13.728","15.233","17.628","","","","21.6","58.70","6.10","0.007","8.8","5000","42","0.3","2026-10-08T10:39:44Z","SYNTHETIC - illustrative portfolio of synthetic collectives"
"RS-5","Poor season and price fall","region","vietnam","vietnam","1118357","4","1","0.009","0.004","0.257","0.485","0.257","","","","0.1","0.12","0.00","0.000","0.0","5000","42","0.3","2026-10-08T10:39:44Z","SYNTHETIC - illustrative portfolio of synthetic collectives"
"RS-5","Poor season and price fall","collective","PC-01 Huila collective A","colombia","136916","1","1","9.695","","23.878","26.399","","","","","14.1","","","","","5000","42","0.3","2026-10-08T10:39:44Z","SYNTHETIC - illustrative portfolio of synthetic collectives"
"RS-5","Poor season and price fall","collective","PC-02 Huila collective B","colombia","151173","1","1","9.477","","25.019","26.907","","","","","15.2","","","","","5000","42","0.3","2026-10-08T10:39:44Z","SYNTHETIC - illustrative portfolio of synthetic collectives"
"RS-5","Poor season and price fall","collective","PC-03 Cauca collective C","colombia","244431","1","1","7.949","","23.071","25.224","","","","","20.7","","","","","5000","42","0.3","2026-10-08T10:39:44Z","SYNTHETIC - illustrative portfolio of synthetic collectives"
"RS-5","Poor season and price fall","collective","PC-04 Cauca collective D","colombia","343236","1","1","7.730","","21.130","23.620","","","","","28.2","","","","","5000","42","0.3","2026-10-08T10:39:44Z","SYNTHETIC - illustrative portfolio of synthetic collectives"
"RS-5","Poor season and price fall","collective","PC-05 Jimma union primary A","ethiopia","60512","1","1","5.032","","19.027","21.238","","","","","3.2","","","","","5000","42","0.3","2026-10-08T10:39:44Z","SYNTHETIC - illustrative portfolio of synthetic collectives"
"RS-5","Poor season and price fall","collective","PC-06 Jimma union primary B","ethiopia","83901","1","1","5.958","","20.354","23.124","","","","","5.3","","","","","5000","42","0.3","2026-10-08T10:39:44Z","SYNTHETIC - illustrative portfolio of synthetic collectives"
"RS-5","Poor season and price fall","collective","PC-07 Sidama union primary C","ethiopia","124114","1","1","4.351","","16.933","19.719","","","","","5.7","","","","","5000","42","0.3","2026-10-08T10:39:44Z","SYNTHETIC - illustrative portfolio of synthetic collectives"
"RS-5","Poor season and price fall","collective","PC-08 Sidama union primary D","ethiopia","173371","1","1","3.979","","16.318","18.594","","","","","7.3","","","","","5000","42","0.3","2026-10-08T10:39:44Z","SYNTHETIC - illustrative portfolio of synthetic collectives"
"RS-5","Poor season and price fall","collective","PC-09 Dak Lak group A","vietnam","138759","1","1","0.065","","2.068","3.547","","","","","0.1","","","","","5000","42","0.3","2026-10-08T10:39:44Z","SYNTHETIC - illustrative portfolio of synthetic collectives"
"RS-5","Poor season and price fall","collective","PC-10 Dak Lak group B","vietnam","242284","1","1","0.001","","0.000","0.104","","","","","0.0","","","","","5000","42","0.3","2026-10-08T10:39:44Z","SYNTHETIC - illustrative portfolio of synthetic collectives"
"RS-5","Poor season and price fall","collective","PC-11 Lam Dong group C","vietnam","311353","1","1","0.001","","0.000","0.095","","","","","0.0","","","","","5000","42","0.3","2026-10-08T10:39:44Z","SYNTHETIC - illustrative portfolio of synthetic collectives"
"RS-5","Poor season and price fall","collective","PC-12 Lam Dong group D","vietnam","425961","1","1","0.000","","0.000","0.000","","","","","0.0","","","","","5000","42","0.3","2026-10-08T10:39:44Z","SYNTHETIC - illustrative portfolio of synthetic collectives"
