"Region","Year","Rain_Anomaly_Z","Districts"
"colombia","1981","0.3907","Huila; Cauca"
"colombia","1982","0.8954","Huila; Cauca"
"colombia","1983","0.3789","Huila; Cauca"
"colombia","1984","1.6934","Huila; Cauca"
"colombia","1985","-1.3676","Huila; Cauca"
"colombia","1986","0.2907","Huila; Cauca"
"colombia","1987","-0.4477","Huila; Cauca"
"colombia","1988","-0.3025","Huila; Cauca"
"colombia","1989","0.0125","Huila; Cauca"
"colombia","1990","-0.2904","Huila; Cauca"
"colombia","1991","-0.6033","Huila; Cauca"
"colombia","1992","-1.0758","Huila; Cauca"
"colombia","1993","0.8207","Huila; Cauca"
"colombia","1994","0.4066","Huila; Cauca"
"colombia","1995","-0.1484","Huila; Cauca"
"colombia","1996","0.6232","Huila; Cauca"
"colombia","1997","-0.7645","Huila; Cauca"
"colombia","1998","0.0953","Huila; Cauca"
"colombia","1999","1.9886","Huila; Cauca"
"colombia","2000","0.4173","Huila; Cauca"
"colombia","2001","-0.7233","Huila; Cauca"
"colombia","2002","-0.592","Huila; Cauca"
"colombia","2003","-0.3817","Huila; Cauca"
"colombia","2004","-0.2343","Huila; Cauca"
"colombia","2005","0.2068","Huila; Cauca"
"colombia","2006","0.7983","Huila; Cauca"
"colombia","2007","0.2272","Huila; Cauca"
"colombia","2008","1.5828","Huila; Cauca"
"colombia","2009","0.1263","Huila; Cauca"
"colombia","2010","1.1696","Huila; Cauca"
"colombia","2011","2.2599","Huila; Cauca"
"colombia","2012","-0.254","Huila; Cauca"
"colombia","2013","0.3615","Huila; Cauca"
"colombia","2014","-0.1324","Huila; Cauca"
"colombia","2015","-2.3561","Huila; Cauca"
"colombia","2016","-1.7779","Huila; Cauca"
"colombia","2017","-0.197","Huila; Cauca"
"colombia","2018","-1.7438","Huila; Cauca"
"colombia","2019","-1.2909","Huila; Cauca"
"colombia","2020","-1.4761","Huila; Cauca"
"colombia","2021","0.0306","Huila; Cauca"
"colombia","2022","1.6694","Huila; Cauca"
"colombia","2023","-0.2968","Huila; Cauca"
"colombia","2024","-0.5788","Huila; Cauca"
"colombia","2025","0.5896","Huila; Cauca"
"ethiopia","1981","-0.8398","Jimma; Sidama"
"ethiopia","1982","-0.2206","Jimma; Sidama"
"ethiopia","1983","0.2515","Jimma; Sidama"
"ethiopia","1984","-2.3899","Jimma; Sidama"
"ethiopia","1985","-1.2079","Jimma; Sidama"
"ethiopia","1986","-0.868","Jimma; Sidama"
"ethiopia","1987","-0.0772","Jimma; Sidama"
"ethiopia","1988","0.5145","Jimma; Sidama"
"ethiopia","1989","0.1531","Jimma; Sidama"
"ethiopia","1990","-0.2763","Jimma; Sidama"
"ethiopia","1991","-1.3975","Jimma; Sidama"
"ethiopia","1992","0.6282","Jimma; Sidama"
"ethiopia","1993","0.6231","Jimma; Sidama"
"ethiopia","1994","-0.6642","Jimma; Sidama"
"ethiopia","1995","-0.7997","Jimma; Sidama"
"ethiopia","1996","0.9553","Jimma; Sidama"
"ethiopia","1997","1.2055","Jimma; Sidama"
"ethiopia","1998","0.2805","Jimma; Sidama"
"ethiopia","1999","-1.4363","Jimma; Sidama"
"ethiopia","2000","-1.2074","Jimma; Sidama"
"ethiopia","2001","0.087","Jimma; Sidama"
"ethiopia","2002","-1.5362","Jimma; Sidama"
"ethiopia","2003","-1.1333","Jimma; Sidama"
"ethiopia","2004","-0.8257","Jimma; Sidama"
"ethiopia","2005","-0.0029","Jimma; Sidama"
"ethiopia","2006","1.1186","Jimma; Sidama"
"ethiopia","2007","0.3311","Jimma; Sidama"
"ethiopia","2008","0.4947","Jimma; Sidama"
"ethiopia","2009","-0.8973","Jimma; Sidama"
"ethiopia","2010","0.6625","Jimma; Sidama"
"ethiopia","2011","0.6476","Jimma; Sidama"
"ethiopia","2012","-0.9678","Jimma; Sidama"
"ethiopia","2013","0.3937","Jimma; Sidama"
"ethiopia","2014","0.907","Jimma; Sidama"
"ethiopia","2015","0.0798","Jimma; Sidama"
"ethiopia","2016","-0.4585","Jimma; Sidama"
"ethiopia","2017","0.7148","Jimma; Sidama"
"ethiopia","2018","1.0533","Jimma; Sidama"
"ethiopia","2019","2.5433","Jimma; Sidama"
"ethiopia","2020","0.7878","Jimma; Sidama"
"ethiopia","2021","-0.7223","Jimma; Sidama"
"ethiopia","2022","-0.5863","Jimma; Sidama"
"ethiopia","2023","1.5648","Jimma; Sidama"
"ethiopia","2024","1.5601","Jimma; Sidama"
"ethiopia","2025","0.957","Jimma; Sidama"
"vietnam","1981","0.8104","Dak Lak; Lam Dong"
"vietnam","1982","-1.3168","Dak Lak; Lam Dong"
"vietnam","1983","-0.0206","Dak Lak; Lam Dong"
"vietnam","1984","0.3024","Dak Lak; Lam Dong"
"vietnam","1985","-0.5544","Dak Lak; Lam Dong"
"vietnam","1986","-0.5633","Dak Lak; Lam Dong"
"vietnam","1987","-0.823","Dak Lak; Lam Dong"
"vietnam","1988","-1.2544","Dak Lak; Lam Dong"
"vietnam","1989","-0.1391","Dak Lak; Lam Dong"
"vietnam","1990","0.1886","Dak Lak; Lam Dong"
"vietnam","1991","-1.0128","Dak Lak; Lam Dong"
"vietnam","1992","0.5161","Dak Lak; Lam Dong"
"vietnam","1993","-0.6757","Dak Lak; Lam Dong"
"vietnam","1994","-0.4153","Dak Lak; Lam Dong"
"vietnam","1995","-0.418","Dak Lak; Lam Dong"
"vietnam","1996","0.6697","Dak Lak; Lam Dong"
"vietnam","1997","-1.8749","Dak Lak; Lam Dong"
"vietnam","1998","0.3457","Dak Lak; Lam Dong"
"vietnam","1999","0.2577","Dak Lak; Lam Dong"
"vietnam","2000","2.6438","Dak Lak; Lam Dong"
"vietnam","2001","0.0087","Dak Lak; Lam Dong"
"vietnam","2002","0.6396","Dak Lak; Lam Dong"
"vietnam","2003","0.1361","Dak Lak; Lam Dong"
"vietnam","2004","-1.0071","Dak Lak; Lam Dong"
"vietnam","2005","0.1946","Dak Lak; Lam Dong"
"vietnam","2006","-0.7359","Dak Lak; Lam Dong"
"vietnam","2007","1.6026","Dak Lak; Lam Dong"
"vietnam","2008","0.4751","Dak Lak; Lam Dong"
"vietnam","2009","1.4097","Dak Lak; Lam Dong"
"vietnam","2010","2.1106","Dak Lak; Lam Dong"
"vietnam","2011","0.9498","Dak Lak; Lam Dong"
"vietnam","2012","1.4053","Dak Lak; Lam Dong"
"vietnam","2013","0.3039","Dak Lak; Lam Dong"
"vietnam","2014","-1.0616","Dak Lak; Lam Dong"
"vietnam","2015","-1.5894","Dak Lak; Lam Dong"
"vietnam","2016","0.2049","Dak Lak; Lam Dong"
"vietnam","2017","-0.1654","Dak Lak; Lam Dong"
"vietnam","2018","-0.8339","Dak Lak; Lam Dong"
"vietnam","2019","-1.8336","Dak Lak; Lam Dong"
"vietnam","2020","-0.8691","Dak Lak; Lam Dong"
"vietnam","2021","0.7273","Dak Lak; Lam Dong"
"vietnam","2022","1.3287","Dak Lak; Lam Dong"
"vietnam","2023","0.2214","Dak Lak; Lam Dong"
"vietnam","2024","-0.4639","Dak Lak; Lam Dong"
"vietnam","2025","0.1756","Dak Lak; Lam Dong"
