"Region","Scenario_ID","Scenario","Pool_Notional_USD","Borrowers","EL_Pct","UL95_Pct","UL99_Pct","Member_EL_Pct","Mean_PD_Pct","Normal_Year_PD_Pct","Share_DSCR_Below_1_Pct","P_Shortfall_Pct","P_Side_Selling_Pct","P_Collective_Deficit_Pct","Mean_Buffer_Absorbed_USD","Equity_EL_Pct","Mezz_EL_Pct","Senior_EL_Pct","Senior_UL99_Pct","Attachment_For_Senior_Target_Pct","N_Paths","Seed","Model_Version","Basis"
"colombia","RS-0","Base","162040.32","94","3.267","13.800","26.604","4.115","11.79","5.15","23.7","2.4","28.4","2.7","2515","29.25","8.56","0.629","13.65","51.5","5000","42","0.2","SYNTHETIC - illustrative only, not calibrated to field data"
"colombia","RS-1","Poor season","162040.32","94","10.640","24.182","42.301","10.243","28.36","5.15","57.1","7.9","28.4","10.1","1683","77.09","42.21","2.196","32.12","69.8","5000","42","0.2","SYNTHETIC - illustrative only, not calibrated to field data"
"colombia","RS-2","Leaf-rust scale shock","162040.32","94","20.319","34.270","61.617","17.266","46.95","5.15","86.8","39.9","28.4","55.2","326","98.53","86.35","7.663","54.84","88.7","5000","42","0.2","SYNTHETIC - illustrative only, not calibrated to field data"
"colombia","RS-3","Price crash","162040.32","94","8.789","21.492","26.253","10.521","28.86","5.15","58.2","0.0","1.1","0.0","2825","71.05","36.29","1.074","13.24","20.7","5000","42","0.2","SYNTHETIC - illustrative only, not calibrated to field data"
"colombia","RS-4","Price spike","162040.32","94","12.725","100.000","100.000","1.537","4.75","5.15","7.9","25.0","76.9","26.7","1231","31.39","21.31","10.380","100.00","","5000","42","0.2","SYNTHETIC - illustrative only, not calibrated to field data"
"colombia","RS-5","Poor season and price fall","162040.32","94","14.061","25.812","29.628","14.939","40.81","5.15","78.3","0.9","4.3","3.1","1546","91.41","64.55","2.939","17.21","24.9","5000","42","0.2","SYNTHETIC - illustrative only, not calibrated to field data"
"ethiopia","RS-0","Base","81980.15","88","5.922","18.831","29.642","6.510","14.35","9.83","27.9","2.3","30.5","4.2","868","53.39","19.15","0.768","17.23","24.9","5000","42","0.2","SYNTHETIC - illustrative only, not calibrated to field data"
"ethiopia","RS-1","Poor season","81980.15","88","14.236","28.356","35.894","13.704","31.07","9.83","63.9","7.8","30.5","27.4","291","90.61","60.99","3.546","24.58","31.9","5000","42","0.2","SYNTHETIC - illustrative only, not calibrated to field data"
"ethiopia","RS-2","Leaf-rust scale shock","81980.15","88","22.699","34.910","41.755","20.682","47.53","9.83","90.5","41.6","30.5","87.9","20","99.54","92.58","9.794","31.48","39.4","5000","42","0.2","SYNTHETIC - illustrative only, not calibrated to field data"
"ethiopia","RS-3","Price crash","81980.15","88","11.972","26.098","31.332","12.796","28.87","9.83","59.7","0.0","2.0","1.7","684","83.67","50.98","2.395","19.21","25.7","5000","42","0.2","SYNTHETIC - illustrative only, not calibrated to field data"
"ethiopia","RS-4","Price spike","81980.15","88","8.990","55.999","75.905","3.204","7.01","9.83","11.3","20.8","74.5","27.0","587","45.27","20.38","4.930","71.65","85.6","5000","42","0.2","SYNTHETIC - illustrative only, not calibrated to field data"
"ethiopia","RS-5","Poor season and price fall","81980.15","88","17.749","30.602","34.830","17.924","40.98","9.83","81.7","1.2","6.1","29.3","226","96.56","78.21","5.568","23.33","29.9","5000","42","0.2","SYNTHETIC - illustrative only, not calibrated to field data"
"vietnam","RS-0","Base","201938.25","95","2.368","5.217","98.366","0.841","2.56","1.25","2.5","4.8","30.4","4.8","1338","6.64","3.85","1.876","98.08","","5000","42","0.2","SYNTHETIC - illustrative only, not calibrated to field data"
"vietnam","RS-1","Poor season","201938.25","95","6.096","30.517","100.000","2.701","7.65","1.25","14.1","14.9","30.4","14.6","1599","31.99","12.72","3.340","100.00","","5000","42","0.2","SYNTHETIC - illustrative only, not calibrated to field data"
"vietnam","RS-2","Leaf-rust scale shock","201938.25","95","17.070","56.029","100.000","8.442","23.42","1.25","47.6","66.6","30.4","65.4","435","83.38","55.01","8.039","100.00","","5000","42","0.2","SYNTHETIC - illustrative only, not calibrated to field data"
"vietnam","RS-3","Price crash","201938.25","95","1.003","6.309","11.496","2.100","5.99","1.25","10.4","0.1","2.5","0.1","2304","12.02","1.49","0.049","0.00","5.5","5000","42","0.2","SYNTHETIC - illustrative only, not calibrated to field data"
"vietnam","RS-4","Price spike","201938.25","95","18.033","100.000","100.000","0.543","1.70","1.25","0.6","28.1","72.1","28.0","756","27.41","24.53","16.649","100.00","","5000","42","0.2","SYNTHETIC - illustrative only, not calibrated to field data"
"vietnam","RS-5","Poor season and price fall","201938.25","95","4.156","14.452","22.274","4.753","13.12","1.25","26.4","5.5","7.0","5.2","2055","41.88","11.14","0.393","8.56","19.9","5000","42","0.2","SYNTHETIC - illustrative only, not calibrated to field data"
