"Scenario_ID","Bin_Low_Pct","Bin_High_Pct","Share_Of_Paths_Pct"
"RS-0","0.00","0.15","39.120"
"RS-0","0.15","0.30","16.520"
"RS-0","0.30","0.45","10.340"
"RS-0","0.45","0.60","6.580"
"RS-0","0.60","0.75","4.400"
"RS-0","0.75","0.90","3.860"
"RS-0","0.90","1.05","3.240"
"RS-0","1.05","1.20","2.340"
"RS-0","1.20","1.35","2.280"
"RS-0","1.35","1.50","1.840"
"RS-0","1.50","1.65","1.360"
"RS-0","1.65","1.80","1.640"
"RS-0","1.80","1.95","0.800"
"RS-0","1.95","2.10","0.700"
"RS-0","2.10","2.25","0.620"
"RS-0","2.25","2.40","0.780"
"RS-0","2.40","2.55","0.560"
"RS-0","2.55","2.70","0.480"
"RS-0","2.70","2.85","0.280"
"RS-0","2.85","3.00","0.220"
"RS-0","3.00","3.15","0.240"
"RS-0","3.15","3.30","0.180"
"RS-0","3.30","3.45","0.140"
"RS-0","3.45","3.60","0.140"
"RS-0","3.60","3.75","0.120"
"RS-0","3.75","3.90","0.120"
"RS-0","3.90","4.05","0.100"
"RS-0","4.05","4.20","0.080"
"RS-0","4.20","4.35","0.040"
"RS-0","4.35","4.50","0.060"
"RS-0","4.50","4.65","0.040"
"RS-0","4.65","4.80","0.100"
"RS-0","4.80","4.95","0.040"
"RS-0","4.95","5.10","0.020"
"RS-0","5.10","5.25","0.020"
"RS-0","5.25","5.40","0.060"
"RS-0","5.40","5.55","0.020"
"RS-0","5.55","5.70","0.020"
"RS-0","5.70","5.85","0.000"
"RS-0","5.85","6.00","0.500"
"RS-1","0.00","0.25","5.240"
"RS-1","0.25","0.50","6.360"
"RS-1","0.50","0.75","6.840"
"RS-1","0.75","1.00","6.460"
"RS-1","1.00","1.25","6.560"
"RS-1","1.25","1.50","6.080"
"RS-1","1.50","1.75","6.480"
"RS-1","1.75","2.00","5.540"
"RS-1","2.00","2.25","5.480"
"RS-1","2.25","2.50","5.360"
"RS-1","2.50","2.75","4.740"
"RS-1","2.75","3.00","4.360"
"RS-1","3.00","3.25","3.720"
"RS-1","3.25","3.50","3.720"
"RS-1","3.50","3.75","3.080"
"RS-1","3.75","4.00","2.940"
"RS-1","4.00","4.25","2.620"
"RS-1","4.25","4.50","2.920"
"RS-1","4.50","4.75","2.180"
"RS-1","4.75","5.00","1.800"
"RS-1","5.00","5.25","1.620"
"RS-1","5.25","5.50","0.880"
"RS-1","5.50","5.75","0.900"
"RS-1","5.75","6.00","0.920"
"RS-1","6.00","6.25","0.460"
"RS-1","6.25","6.50","0.380"
"RS-1","6.50","6.75","0.340"
"RS-1","6.75","7.00","0.400"
"RS-1","7.00","7.25","0.140"
"RS-1","7.25","7.50","0.200"
"RS-1","7.50","7.75","0.040"
"RS-1","7.75","8.00","0.100"
"RS-1","8.00","8.25","0.020"
"RS-1","8.25","8.50","0.100"
"RS-1","8.50","8.75","0.080"
"RS-1","8.75","9.00","0.020"
"RS-1","9.00","9.25","0.060"
"RS-1","9.25","9.50","0.040"
"RS-1","9.50","9.75","0.000"
"RS-1","9.75","10.00","0.820"
"RS-2","0.00","0.55","0.140"
"RS-2","0.55","1.10","0.480"
"RS-2","1.10","1.65","1.480"
"RS-2","1.65","2.20","2.300"
"RS-2","2.20","2.75","3.480"
"RS-2","2.75","3.30","5.280"
"RS-2","3.30","3.85","6.760"
"RS-2","3.85","4.40","8.040"
"RS-2","4.40","4.95","9.720"
"RS-2","4.95","5.50","10.060"
"RS-2","5.50","6.05","10.760"
"RS-2","6.05","6.60","9.280"
"RS-2","6.60","7.15","9.480"
"RS-2","7.15","7.70","7.100"
"RS-2","7.70","8.25","5.320"
"RS-2","8.25","8.80","3.240"
"RS-2","8.80","9.35","2.120"
"RS-2","9.35","9.90","1.540"
"RS-2","9.90","10.45","0.700"
"RS-2","10.45","11.00","0.420"
"RS-2","11.00","11.55","0.260"
"RS-2","11.55","12.10","0.160"
"RS-2","12.10","12.65","0.100"
"RS-2","12.65","13.20","0.140"
"RS-2","13.20","13.75","0.100"
"RS-2","13.75","14.30","0.020"
"RS-2","14.30","14.85","0.080"
"RS-2","14.85","15.40","0.000"
"RS-2","15.40","15.95","0.000"
"RS-2","15.95","16.50","0.060"
"RS-2","16.50","17.05","0.020"
"RS-2","17.05","17.60","0.040"
"RS-2","17.60","18.15","0.060"
"RS-2","18.15","18.70","0.040"
"RS-2","18.70","19.25","0.020"
"RS-2","19.25","19.80","0.040"
"RS-2","19.80","20.35","0.040"
"RS-2","20.35","20.90","0.040"
"RS-2","20.90","21.45","0.020"
"RS-2","21.45","22.00","1.060"
"RS-3","0.00","0.20","6.480"
"RS-3","0.20","0.40","6.040"
"RS-3","0.40","0.60","5.680"
"RS-3","0.60","0.80","5.600"
"RS-3","0.80","1.00","5.520"
"RS-3","1.00","1.20","4.580"
"RS-3","1.20","1.40","5.060"
"RS-3","1.40","1.60","5.620"
"RS-3","1.60","1.80","4.740"
"RS-3","1.80","2.00","4.780"
"RS-3","2.00","2.20","4.440"
"RS-3","2.20","2.40","4.260"
"RS-3","2.40","2.60","3.820"
"RS-3","2.60","2.80","3.680"
"RS-3","2.80","3.00","2.740"
"RS-3","3.00","3.20","2.840"
"RS-3","3.20","3.40","2.880"
"RS-3","3.40","3.60","2.480"
"RS-3","3.60","3.80","2.500"
"RS-3","3.80","4.00","2.060"
"RS-3","4.00","4.20","2.320"
"RS-3","4.20","4.40","1.880"
"RS-3","4.40","4.60","1.640"
"RS-3","4.60","4.80","1.480"
"RS-3","4.80","5.00","1.500"
"RS-3","5.00","5.20","0.980"
"RS-3","5.20","5.40","0.760"
"RS-3","5.40","5.60","0.500"
"RS-3","5.60","5.80","0.740"
"RS-3","5.80","6.00","0.460"
"RS-3","6.00","6.20","0.620"
"RS-3","6.20","6.40","0.160"
"RS-3","6.40","6.60","0.240"
"RS-3","6.60","6.80","0.160"
"RS-3","6.80","7.00","0.140"
"RS-3","7.00","7.20","0.160"
"RS-3","7.20","7.40","0.060"
"RS-3","7.40","7.60","0.160"
"RS-3","7.60","7.80","0.080"
"RS-3","7.80","8.00","0.160"
"RS-4","0.00","2.40","82.260"
"RS-4","2.40","4.80","2.180"
"RS-4","4.80","7.20","0.860"
"RS-4","7.20","9.60","0.680"
"RS-4","9.60","12.00","0.680"
"RS-4","12.00","14.40","0.720"
"RS-4","14.40","16.80","0.720"
"RS-4","16.80","19.20","0.500"
"RS-4","19.20","21.60","0.720"
"RS-4","21.60","24.00","0.460"
"RS-4","24.00","26.40","0.520"
"RS-4","26.40","28.80","0.380"
"RS-4","28.80","31.20","0.240"
"RS-4","31.20","33.60","0.380"
"RS-4","33.60","36.00","0.340"
"RS-4","36.00","38.40","0.360"
"RS-4","38.40","40.80","0.220"
"RS-4","40.80","43.20","0.380"
"RS-4","43.20","45.60","0.220"
"RS-4","45.60","48.00","0.260"
"RS-4","48.00","50.40","0.300"
"RS-4","50.40","52.80","0.100"
"RS-4","52.80","55.20","0.160"
"RS-4","55.20","57.60","0.240"
"RS-4","57.60","60.00","0.300"
"RS-4","60.00","62.40","0.280"
"RS-4","62.40","64.80","0.360"
"RS-4","64.80","67.20","0.440"
"RS-4","67.20","69.60","0.140"
"RS-4","69.60","72.00","0.400"
"RS-4","72.00","74.40","0.360"
"RS-4","74.40","76.80","0.380"
"RS-4","76.80","79.20","0.340"
"RS-4","79.20","81.60","0.260"
"RS-4","81.60","84.00","0.180"
"RS-4","84.00","86.40","0.160"
"RS-4","86.40","88.80","0.320"
"RS-4","88.80","91.20","0.280"
"RS-4","91.20","93.60","0.320"
"RS-4","93.60","96.00","1.600"
"RS-5","0.00","0.25","0.780"
"RS-5","0.25","0.50","1.460"
"RS-5","0.50","0.75","1.920"
"RS-5","0.75","1.00","2.420"
"RS-5","1.00","1.25","2.640"
"RS-5","1.25","1.50","2.680"
"RS-5","1.50","1.75","3.140"
"RS-5","1.75","2.00","3.240"
"RS-5","2.00","2.25","3.840"
"RS-5","2.25","2.50","3.680"
"RS-5","2.50","2.75","4.460"
"RS-5","2.75","3.00","4.500"
"RS-5","3.00","3.25","4.620"
"RS-5","3.25","3.50","5.120"
"RS-5","3.50","3.75","4.520"
"RS-5","3.75","4.00","5.260"
"RS-5","4.00","4.25","5.020"
"RS-5","4.25","4.50","4.420"
"RS-5","4.50","4.75","4.640"
"RS-5","4.75","5.00","3.480"
"RS-5","5.00","5.25","3.540"
"RS-5","5.25","5.50","3.880"
"RS-5","5.50","5.75","3.200"
"RS-5","5.75","6.00","3.080"
"RS-5","6.00","6.25","2.820"
"RS-5","6.25","6.50","2.540"
"RS-5","6.50","6.75","2.120"
"RS-5","6.75","7.00","1.760"
"RS-5","7.00","7.25","1.220"
"RS-5","7.25","7.50","0.880"
"RS-5","7.50","7.75","0.720"
"RS-5","7.75","8.00","0.780"
"RS-5","8.00","8.25","0.380"
"RS-5","8.25","8.50","0.380"
"RS-5","8.50","8.75","0.260"
"RS-5","8.75","9.00","0.160"
"RS-5","9.00","9.25","0.140"
"RS-5","9.25","9.50","0.060"
"RS-5","9.50","9.75","0.060"
"RS-5","9.75","10.00","0.180"
