"Region","Parameter","How","Value_Low","Value_High","EL_Base_Pct","EL_Low_Pct","EL_High_Pct","UL99_Base_Pct","UL99_Low_Pct","UL99_High_Pct","Swing_EL_Pct","N_Paths","Basis"
"colombia","price_vol","mul","0.125","0.375","3.326","1.753","7.776","25.292","14.791","100.000","6.023","3000","SYNTHETIC - illustrative only, not calibrated to field data"
"colombia","side_sell_elasticity","set","0","2","3.326","2.557","6.478","25.292","18.080","92.959","3.921","3000","SYNTHETIC - illustrative only, not calibrated to field data"
"colombia","collective_fixed_cost_usd","mul","3000","12000","3.326","2.534","5.988","25.292","23.440","28.995","3.454","3000","SYNTHETIC - illustrative only, not calibrated to field data"
"colombia","production_cost_per_ha","mul","1125","1875","3.326","1.981","5.384","25.292","23.261","28.026","3.404","3000","SYNTHETIC - illustrative only, not calibrated to field data"
"colombia","fwd_price_usd_per_t","mul","3510","4290","3.326","5.272","2.347","25.292","66.076","18.730","2.925","3000","SYNTHETIC - illustrative only, not calibrated to field data"
"colombia","pd_dscr_sensitivity","mul","1.5","4.5","3.326","1.864","4.388","25.292","23.413","26.768","2.524","3000","SYNTHETIC - illustrative only, not calibrated to field data"
"colombia","hedge_ratio_mean","abs","0.3","0.7","3.326","4.904","2.434","25.292","24.398","31.078","2.470","3000","SYNTHETIC - illustrative only, not calibrated to field data"
"colombia","household_floor_usd","mul","1500","2500","3.326","2.311","4.649","25.292","23.260","27.490","2.338","3000","SYNTHETIC - illustrative only, not calibrated to field data"
"colombia","lgd_capex","abs","0.15","0.45","3.326","2.462","4.239","25.292","23.394","29.901","1.777","3000","SYNTHETIC - illustrative only, not calibrated to field data"
"colombia","yield_vol","mul","0.075","0.225","3.326","2.654","4.333","25.292","22.337","29.160","1.679","3000","SYNTHETIC - illustrative only, not calibrated to field data"
"colombia","fwd_share","abs","0.25","0.75","3.326","3.303","4.736","25.292","22.025","67.039","1.434","3000","SYNTHETIC - illustrative only, not calibrated to field data"
"colombia","lgd_opex","abs","0.35","0.65","3.326","2.789","3.877","25.292","23.330","28.615","1.088","3000","SYNTHETIC - illustrative only, not calibrated to field data"
"colombia","base_pd_opex","mul","0.03","0.09","3.326","2.922","3.666","25.292","24.477","25.746","0.743","3000","SYNTHETIC - illustrative only, not calibrated to field data"
"colombia","base_pd_capex","mul","0.015","0.045","3.326","2.975","3.615","25.292","24.576","25.295","0.640","3000","SYNTHETIC - illustrative only, not calibrated to field data"
"colombia","residual_correlation","set","0","0.3","3.326","3.280","3.480","25.292","23.774","29.096","0.200","3000","SYNTHETIC - illustrative only, not calibrated to field data"
"colombia","basis_local","abs","0","0.1","3.326","3.416","3.554","25.292","43.173","22.039","0.137","3000","SYNTHETIC - illustrative only, not calibrated to field data"
"ethiopia","price_vol","mul","0.14","0.42","5.977","4.525","9.464","28.387","20.990","70.725","4.939","3000","SYNTHETIC - illustrative only, not calibrated to field data"
"ethiopia","pd_dscr_sensitivity","mul","1.5","4.5","5.977","3.457","7.993","28.387","21.725","31.554","4.536","3000","SYNTHETIC - illustrative only, not calibrated to field data"
"ethiopia","household_floor_usd","mul","675","1125","5.977","4.297","7.970","28.387","24.579","31.309","3.673","3000","SYNTHETIC - illustrative only, not calibrated to field data"
"ethiopia","lgd_capex","abs","0.2","0.5","5.977","4.813","7.153","28.387","24.139","32.309","2.341","3000","SYNTHETIC - illustrative only, not calibrated to field data"
"ethiopia","side_sell_elasticity","set","0","2","5.977","5.371","7.695","28.387","24.901","43.703","2.325","3000","SYNTHETIC - illustrative only, not calibrated to field data"
"ethiopia","collective_fixed_cost_usd","mul","750","3000","5.977","5.277","7.597","28.387","27.472","30.216","2.320","3000","SYNTHETIC - illustrative only, not calibrated to field data"
"ethiopia","hedge_ratio_mean","abs","0.2","0.6","5.977","7.191","4.981","28.387","27.741","28.670","2.210","3000","SYNTHETIC - illustrative only, not calibrated to field data"
"ethiopia","lgd_opex","abs","0.4","0.7","5.977","4.988","6.973","28.387","24.683","31.996","1.985","3000","SYNTHETIC - illustrative only, not calibrated to field data"
"ethiopia","base_pd_opex","mul","0.04","0.12","5.977","4.887","6.831","28.387","26.603","29.173","1.944","3000","SYNTHETIC - illustrative only, not calibrated to field data"
"ethiopia","fwd_price_usd_per_t","mul","3375","4125","5.977","7.138","5.251","28.387","41.038","24.564","1.887","3000","SYNTHETIC - illustrative only, not calibrated to field data"
"ethiopia","production_cost_per_ha","mul","300","500","5.977","5.078","6.962","28.387","26.275","30.288","1.884","3000","SYNTHETIC - illustrative only, not calibrated to field data"
"ethiopia","yield_vol","mul","0.1","0.3","5.977","5.254","6.998","28.387","25.389","31.435","1.744","3000","SYNTHETIC - illustrative only, not calibrated to field data"
"ethiopia","base_pd_capex","mul","0.02","0.06","5.977","5.269","6.548","28.387","26.571","29.439","1.279","3000","SYNTHETIC - illustrative only, not calibrated to field data"
"ethiopia","basis_local","abs","0.03","0.13","5.977","5.671","6.470","28.387","30.093","26.955","0.799","3000","SYNTHETIC - illustrative only, not calibrated to field data"
"ethiopia","fwd_share","abs","0.15","0.65","5.977","5.916","6.701","28.387","26.497","42.187","0.785","3000","SYNTHETIC - illustrative only, not calibrated to field data"
"ethiopia","residual_correlation","set","0","0.3","5.977","5.909","6.095","28.387","24.488","33.522","0.186","3000","SYNTHETIC - illustrative only, not calibrated to field data"
"vietnam","side_sell_elasticity","set","0","2","2.457","0.152","7.851","100.000","3.759","100.000","7.700","3000","SYNTHETIC - illustrative only, not calibrated to field data"
"vietnam","price_vol","mul","0.15","0.45","2.457","0.159","7.779","100.000","2.172","100.000","7.620","3000","SYNTHETIC - illustrative only, not calibrated to field data"
"vietnam","fwd_share","abs","0.25","0.75","2.457","1.187","6.044","100.000","21.733","100.000","4.857","3000","SYNTHETIC - illustrative only, not calibrated to field data"
"vietnam","fwd_price_usd_per_t","mul","2295","2805","2.457","5.146","1.184","100.000","100.000","44.054","3.962","3000","SYNTHETIC - illustrative only, not calibrated to field data"
"vietnam","collective_fixed_cost_usd","mul","5000","20000","2.457","2.247","4.310","100.000","99.433","100.000","2.063","3000","SYNTHETIC - illustrative only, not calibrated to field data"
"vietnam","basis_local","abs","0.01","0.11","2.457","3.575","1.695","100.000","100.000","64.984","1.881","3000","SYNTHETIC - illustrative only, not calibrated to field data"
"vietnam","yield_vol","mul","0.09","0.27","2.457","2.202","3.010","100.000","100.000","100.000","0.808","3000","SYNTHETIC - illustrative only, not calibrated to field data"
"vietnam","production_cost_per_ha","mul","1350","2250","2.457","2.359","2.689","100.000","100.000","100.000","0.329","3000","SYNTHETIC - illustrative only, not calibrated to field data"
"vietnam","household_floor_usd","mul","1350","2250","2.457","2.385","2.571","100.000","100.000","100.000","0.186","3000","SYNTHETIC - illustrative only, not calibrated to field data"
"vietnam","lgd_capex","abs","0.15","0.45","2.457","2.374","2.558","100.000","100.000","100.000","0.184","3000","SYNTHETIC - illustrative only, not calibrated to field data"
"vietnam","pd_dscr_sensitivity","mul","1.5","4.5","2.457","2.381","2.543","100.000","100.000","100.000","0.162","3000","SYNTHETIC - illustrative only, not calibrated to field data"
"vietnam","base_pd_capex","mul","0.0175","0.0525","2.457","2.401","2.508","100.000","100.000","100.000","0.107","3000","SYNTHETIC - illustrative only, not calibrated to field data"
"vietnam","base_pd_opex","mul","0.035","0.105","2.457","2.406","2.511","100.000","100.000","100.000","0.105","3000","SYNTHETIC - illustrative only, not calibrated to field data"
"vietnam","residual_correlation","set","0","0.3","2.457","2.430","2.533","100.000","100.000","100.000","0.103","3000","SYNTHETIC - illustrative only, not calibrated to field data"
"vietnam","lgd_opex","abs","0.35","0.65","2.457","2.416","2.502","100.000","100.000","100.000","0.086","3000","SYNTHETIC - illustrative only, not calibrated to field data"
"vietnam","hedge_ratio_mean","abs","0.35","0.75","2.457","2.645","2.645","100.000","66.872","100.000","0.000","3000","SYNTHETIC - illustrative only, not calibrated to field data"
