"ID","Region","Parameter","Value","Unit","Basis","Source_Refs","Source_Figures","Arithmetic","Reference_Year","Apply","Note"
"LI-01","colombia","avg_area_ha","1.28","ha","literature","LIT-051; LIT-050","658,525 coffee farms on 842,399 ha (LIT-051, 2023 census-based study); 661 thousand fincas on 838 thousand ha and 97 percent of growers under 5 ha (LIT-050, 2025)","842399 / 658525 = 1.279; cross-check 838 / 661 = 1.268","2023","yes","National mean farm size; a Huila or Cauca cooperative register will differ. The assumed area_sd of 0.8 around this mean puts essentially no farm above 5 ha, consistent with the 97 percent figure."
"LI-02","colombia","production_cost_per_ha","935","USD / ha / year","literature","LIT-045; DS-09","Fairtrade LIRP cost model for a conventional 2.8 ha farm producing 5,040 kg dry parchment (1,800 kg/ha), 2022: inputs, materials and transport 7,770,000 COP; non-harvest hired labour 635,600; other fixed farm costs 600,000; harvest labour 5,400,000; exchange rate 4,760 COP/USD","non-harvest cost per ha = (7770000 + 635600 + 600000) / 2.8 = 3,216,286 COP; harvest labour per kg parchment = 5400000 / 5040 = 1,071 COP; parchment at the model's base yield 0.8606 t green/ha = 860.6 / 0.745 = 1,155 kg (factor 94: 94 kg parchment per 70 kg excelso); harvest = 1071 x 1155 = 1,237,000 COP; total 4,453,000 COP / 4760 = USD 935","2022","yes","Normative cost model (what a viable farm spends), not a survey of actual outlays; 2022 nominal, a fertiliser-spike year. The per-ha input figure is that of a 1,800 kg/ha farm, so at the model's lower yield it is probably generous; the harvest piece is scaled to the model yield. Replace with a partner cost survey."
"LI-03","colombia","household_floor_usd","3440","USD / year","literature","LIT-052; LIT-045; DS-09","DANE monetary poverty line 2024, centros poblados y rural disperso: 291,998 COP per person per month (1,167,992 COP for a household of four); household of 4 from the Fairtrade coffee household model (LIT-045); COP/USD 2024 annual average 4,074.43 (DS-09, WDI)","291998 x 4 x 12 = 14,015,904 COP / 4074.43 = USD 3,440","2024","yes","A subsistence floor, not a living income: Fairtrade's living income for the same household is USD 7,039 (LI-04). The model treats this floor as senior to debt service, so the choice between the two roughly halves or doubles member CFADS; run the living-income floor as a scenario."
"LI-04","colombia","living_income_usd","7039","USD / year","literature","LIT-045","Living income (cost of decent living) for a 4-person coffee household: 33,506,800 COP = USD 7,039 at 4,760 COP/USD, December 2022","as stated","2022","no","Observation only, the alternative floor to LI-03."
"LI-05","colombia","harvest_labour_cop_per_kg_parchment","1071","COP / kg dry parchment","literature","LIT-045","harvest labour 5,400,000 COP for 5,040 kg parchment (2022)","5400000 / 5040 = 1,071","2022","no","Observation; the part of LI-02 that scales with yield rather than area."
"LI-06","colombia","yield_fnc_productive_t_ha","1.253","t green coffee / ha","literature","LIT-050","productivity 20.88 sacks of 60 kg green coffee per hectare; production 13.99 million sacks on 838 thousand ha (2025)","20.88 x 60 / 1000 = 1.253; whole-area check 13.99e6 x 60 / 838000 = 1.00","2025","no","Observation. The FNC productivity figure is per productive hectare and sits well above the FAOSTAT national yield the model applies (0.86 t/ha, DS-01); the whole-area figure of 1.0 t/ha is closer. The gap is ageing and immature area (19 percent aged, area in levante). A cooperative's delivery records will say which applies to its members."
"LI-07","ethiopia","avg_area_ha","0.62","ha","literature","LIT-033","mean coffee area 0.62 ha (SD 0.39), total land owned 1.92 ha, household size 6.44; N=530 Sidama coffee households surveyed 2023","as stated","2023","yes","Coffee area, not the whole holding: the model's area drives coffee production and coffee loans. Sidama garden coffee; Fairtrade's viable areas are 1.4 ha garden and 2.5 ha forest (LIT-046), so Jimma forest systems may run larger."
"LI-08","ethiopia","area_sd","0.39","ha","literature","LIT-033","SD of coffee area 0.39 ha","as stated","2023","yes","The model clips the normal draw at 0.2 ha."
"LI-09","ethiopia","production_cost_per_ha","226","USD / ha / year","literature","LIT-033; DS-09","total cost of coffee production 7,655.19 ETB per household (seed 2,486.70; manure 181.35; hired labour 3,307.76; drying 1,679.38), coffee area 0.62 ha, 2023; ETB/USD 2023 average 54.60 (DS-09, WDI)","7655.19 / 0.62 = 12,347 ETB per ha / 54.60 = USD 226","2023","yes","Cash costs the surveyed households actually paid; excludes family labour and certification costs. Fairtrade's normative variable cost with all labour at a 520 Birr/day living wage is 108,030 Birr/ha for garden coffee (LIT-046), about USD 1,980 at the same rate: the gap is family labour, which the model treats as covered by the household floor. Official rate; the parallel rate in 2023 was far weaker, so in purchasing terms the dollar figure is an upper bound."
"LI-10","ethiopia","household_floor_usd","1231","USD / year","literature","LIT-033; DS-09","total consumption expenditure 67,224.53 ETB per household of 6.44 members, 2023; ETB/USD 54.60","67224.53 / 54.60 = USD 1,231","2023","yes","Observed consumption of the surveyed coffee households, taken as the subsistence floor. Living income benchmarks are higher: GLWC rural Sidama 2025 (LI-11) and Fairtrade 175,000 Birr plus 70,000 Birr of farm-grown food (LIT-046, 2023)."
"LI-11","ethiopia","living_income_usd","1932","USD / year","literature","LIT-048","living income 21,701 Birr per month = US$161 for a reference household of 5.5, rural Sidama, 2025","161 x 12 = 1,932","2025","no","Observation only; post-float birr, so not comparable at the 2023 official rate."
"LI-12","ethiopia","other_income_mean","553","USD / year","literature","LIT-033; DS-09","income from other crops and livestock sold 26,798.88 ETB plus off-farm income 3,413.59 ETB, 2023; ETB/USD 54.60","(26798.88 + 3413.59) / 54.60 = USD 553","2023","yes","Cash income only; the value of home-consumed crops (61,257 ETB) and livestock holdings (88,670 ETB) is excluded. No dispersion reported, so other_income_sd stays an assumption."
"LI-13","ethiopia","farmgate_green_usd_per_t","4612","USD / t clean coffee","literature","LIT-033; DS-09","red cherry price 50.36 ETB/kg; regional conversion factor 0.2 red cherry to clean coffee (LIT-033); ETB/USD 54.60","50.36 / 0.2 x 1000 / 54.60 = 4,612","2023","no","Observation only. At the official rate the implied farm-gate matches the 2023 world Arabica price (DS-04 mean 4,541 USD/t), which is not credible: the birr was overvalued before the July 2024 float and exporters' effective rate was weaker. basis_local stays an assumption for Ethiopia until a post-float farm-gate series exists."
"LI-14","vietnam","household_floor_usd","2979","USD / year","literature","LIT-053; LIT-049; DS-09","Decree 07/2021/ND-CP income criterion for rural areas, 2022-2025: 1,500,000 VND per person per month; household of 4 from the GLWC reference family (LIT-049); VND/USD 2024 average 24,164.89 (DS-09, WDI)","1500000 x 4 x 12 = 72,000,000 VND / 24164.89 = USD 2,979","2024","yes","A subsistence line. GLWC's cost of decent living for the Region 4 reference family is USD 5,453 a year (LI-15)."
"LI-15","vietnam","living_income_usd","5453","USD / year","literature","LIT-049; DS-09","cost of decent living 10,980,152 VND per month for a family of 4 with 1.86 full-time workers; living wage 6,670,404 VND per month = US$256, Region 4, 2025","10980152 x 12 / 24164.89 = USD 5,453","2025","no","Observation; 2024 FX used for want of a 2025 WDI value."
"LI-16","vietnam","production_cost_per_ha","2375","USD / ha / year","literature","LIT-055; DS-09","Dak Lak farmers report VND 50-60 million per hectare per year for irrigation, fertiliser and labour (January 2021); VND/USD 2021 average 23,159.78 (DS-09, WDI)","55,000,000 / 23159.78 = USD 2,375","2021","yes","The weakest applied input: a press report of farmer statements, not a cost study. It replaces an assumption of 1,800 that had no source at all. The provincial norm of 319 labour days per hectare (LIT-056) supports a labour-heavy structure. Replace with the current Dak Lak economic-technical norms (Decision 25/2021, not retrieved) or a provincial cost study."
"LI-17","vietnam","yield_dak_lak_t_ha","2.672","t green coffee / ha","literature","LIT-054","Dak Lak 2024: 212,106 ha of coffee, yield 26.72 ta per hectare (1 ta = 100 kg)","26.72 x 100 / 1000 = 2.672","2024","no","Observation: the model district sits 13 percent below the FAOSTAT national trend the model applies (3.07 t/ha, DS-01). Carried until the district yield factor exists (RT-7 roadmap)."
"LI-18","vietnam","farmgate_robusta_usd_per_t","5297","USD / t","literature","LIT-054; DS-09","farm-gate price 128,000 VND/kg reported for Dak Lak, late November 2024; VND/USD 2024 average 24,164.89","128000 x 1000 / 24164.89 = 5,297","2024-11","no","Observation; a single month in a price spike. The calibration file compares it with the DS-04 Robusta price of the same month."
"LI-19","vietnam","labour_days_per_ha","319","labour days / ha / year","literature","LIT-056","Dak Lak Decision 38/2013/QD-UBND economic-technical norms: 319 cong (labour days) per hectare of productive coffee at a 3 t/ha reference yield","as stated","2013","no","Observation; superseded by Decision 25/2021 (not retrieved). Supports the labour share in LI-16."
