"Collective_ID","Region","Label","Member_Scale","Seed","Basis","Notes"
"PC-01","colombia","Huila collective A","0.6","101","assumption","Illustrative portfolio member: 60 percent of the region's n_members. Twelve synthetic collectives, four per region, with sizes spread so no single one dominates. Not a pipeline"
"PC-02","colombia","Huila collective B","1.0","102","assumption","Region default size"
"PC-03","colombia","Cauca collective C","1.5","103","assumption","One and a half times the region default"
"PC-04","colombia","Cauca collective D","2.0","104","assumption","Twice the region default"
"PC-05","ethiopia","Jimma union primary A","0.6","201","assumption","Illustrative"
"PC-06","ethiopia","Jimma union primary B","1.0","202","assumption","Illustrative"
"PC-07","ethiopia","Sidama union primary C","1.5","203","assumption","Illustrative"
"PC-08","ethiopia","Sidama union primary D","2.0","204","assumption","Illustrative"
"PC-09","vietnam","Dak Lak group A","0.6","301","assumption","Modelling comparator region"
"PC-10","vietnam","Dak Lak group B","1.0","302","assumption","Modelling comparator region"
"PC-11","vietnam","Lam Dong group C","1.5","303","assumption","Modelling comparator region"
"PC-12","vietnam","Lam Dong group D","2.0","304","assumption","Modelling comparator region"
