"ID","Memo_No","Title","Covers_Axis","Status","Path","Key_Takeaways"
"MEMO-1","1","What VSLAs and similar structures actually achieve","1-VSLA","Reviewed","literature/notes/memo-1-vslas.md","The VSLA/savings-group model is empirically the most de-risked starting point: cluster-RCT evidence (Ksoll et al. 2016) and cross-country synthesis show consistent, replicable gains in savings and resilience. Group cycles already generate structured, periodic data - the natural first data source for underwriting and eventual securitization. CGAP's proportionate-regulation guidance (LIT-014) means the data spine we need aligns with where savings-group policy is already heading: light-touch registration plus digitised group records. Recommend an Israel migrant-worker pilot to test data capture and parametric triggers before Africa scale-up. Extended 2026-08-07 with the group-level lending precedent for OQ-13: India's SHG-Bank Linkage Programme has financed collectives that on-lend to members since 1992, so the structure is proven at scale - but NPAs on the bank SHG portfolio rose from a steady 2.9% (March 2009 and 2010) to 4.72% by March 2011, worse in the subsidised SGSY component, with deterioration tracking target-driven group formation rather than the structure itself (LIT-023). Counterweight: the longest-running successful joint-liability institution, the 19th-century German rural credit cooperative, financed its loans from local deposits rather than external wholesale funding (LIT-022)."
"MEMO-2","2","What microfinance RCTs and reviews say about impact and design","2-Microfinance","Reviewed","literature/notes/memo-2-microfinance-impact.md","Microfinance systematic reviews show average income/poverty effects are small and heterogeneous, but effects on consumption smoothing and female empowerment are more robust. Implication: do not oversell income/business growth claims to investors; frame the product around resilience/smoothing outcomes, which have the strongest evidence base and are easiest to verify for impact reporting and securitization covenants. This is an alignment rather than a concession - investors underwrite cash-flow regularity, which is exactly what the resilience evidence speaks to. Extended 2026-08-07 with the repayment-MECHANISM evidence for OQ-12: the joint-liability contract is not the active ingredient (LIT-020 found no repayment effect when 169 Philippine centres were converted to individual liability), while repeat interaction is a strong candidate for what is (LIT-021: randomised first-cycle meeting frequency, later equalised, left monthly-meeting clients four times more likely to default on the second loan, via informal risk-sharing, in individual-liability groups). LIT-022 supplies the screening/monitoring/enforcement/audit taxonomy and shows information and sanction channels can trade off. Implication: underwrite the group's social structure, not its liability terms - and note that no study here tests the case where the creditor is an outside investor rather than the community, which is precisely what securitisation creates."
"MEMO-3","3","How securitization/blended finance has been applied to microfinance","3-Securitization / 4-Blended finance","Reviewed","literature/notes/memo-3-securitization-blended-finance.md","Securitization of community/microfinance assets is feasible but nascent: existing models all required a standardization layer, credit enhancement/first-loss, and an anchor investor before market-rate tranches were sellable. New anchors add three concrete design parameters: a six-point legal checklist for cross-border true sale (LIT-009/010); a size band of tens of millions warehoused scaling to >=USD 100m for issuance (LIT-011/012); and a first-loss tranche in the 10-20% range with a documented additionality and tapering story (LIT-013/015). Design the data schema and underwriting rules from day one to match ABS eligibility criteria. Economics anchors added 2026-08-02 for RT-6/OQ-10: MIV total expense ratio ~2.4% and Fixed-Income fund fee 1.2% with a 7.6% senior yield (LIT-017), and a concessional-to-private mobilisation ratio of ~1.8x with guarantees the strongest lever (LIT-018/019)."
"MEMO-4","4","The repayment mechanism and its critics","2-Microfinance / 1-VSLA","Outline","literature/notes/memo-4-the-repayment-mechanism-and-its-critics.md","Scope: what actually drives repayment in community lending, and what the critical literature says happens when external capital enters member-owned institutions. Carries OQ-12 and OQ-13. Not yet drafted."
"MEMO-5","5","Insurance, bundling, and what resilience means","5-Insurance / 2-Microfinance","Drafted","literature/notes/memo-5-insurance-bundling-resilience.md","PARTIAL - LC-04 and LC-03 read, LC-05 outstanding; all seven sources verified from abstracts or publisher summary pages, not full texts. BUNDLING (LC-04): not untested. Compulsory bundling suppressed demand in two RCTs - Gine & Yang 2009 Malawi (take-up 13 points lower off a 33.0% base) and Banerjee, Duflo & Hornbeck 2014 India (16 point, 23 percent rise in drop-out, measured on the lender's book). Karlan et al. 2014 Ghana is the counterweight: uninsured risk rather than capital binds, and demand for SEPARATELY offered cover is strong. The reconciling distinction is offered-separately versus compulsorily-priced-into-the-loan. INDEX INSURANCE (LC-03) compounds it: Carter et al. 2017 report take-up disappointingly low WITHOUT LARGE AND SUSTAINED SUBSIDIES; Clarke 2016 shows low demand can be RATIONAL under basis risk (optimal demand zero for the infinitely risk-averse, nonmonotonic in risk aversion, wealth and price); Jensen et al. 2018 measures basis risk directly and finds it and spatiotemporal adverse selection drive demand - the latter also a warning for the pool's loss distribution, so cross-referenced to LC-08. CONSEQUENCES: the proposal's novelty claim is false as written (OQ-17), EXP-01 is on the wrong side of the subsidy variable, EXP-17 becomes the centrepiece with its subsidised arm carrying the strongest prior, EXP-30's basis-risk premise is supported, and RT-6 cannot treat bundling as retention-neutral."
"MEMO-6","6","The climate financing gap and how to measure a response","4-Blended finance / 2-Microfinance","Outline","literature/notes/memo-6-the-climate-financing-gap-and-how-to-measure-a-response.md","Scope: authoritative adaptation and energy-access gap estimates, and the impact-evaluation methods needed to credibly measure a response. P1. Not yet drafted."
"MEMO-7","7","Can these cash flows be modelled","3-Securitization","Outline","literature/notes/memo-7-can-these-cash-flows-be-modelled.md","Scope: credit-risk modelling in thin-data settings (LC-07) and portfolio correlation and covariate risk (LC-08). First anchors landed 2026-08-22 and they turn out to be one problem, not two. LC-07's method (LIT-038, Pluto-Tasche for low default portfolios) estimates a PD as an upper confidence bound whose value depends on an ASSET CORRELATION supplied by assumption; LC-08 is the question of what that correlation actually is, and the answer is not yet known for this asset class. On LC-08 the historical evidence reframes the question: LIT-036 (four national repayment crises - PAR over 30 days above 10 per cent in three of four markets by June 2009, Nicaragua affecting all 22 major MFIs) attributes them to concentrated competition, multiple borrowing and social-network contagion, explicitly NOT to the global recession; LIT-037 sharpens it - individual MFI growth does not predict deterioration, but market-level borrower growth above 63 per cent a year and active loans above 10 per cent of population do. The correlation channel that matters historically is institutional and market-level, so diversifying geographically does not address it and pooling across lenders within one market may make it worse. Meanwhile LIT-031 shows the environmental channel is severe in the coffee setting now chosen. Two separable channels; EXP-25 should decompose them rather than estimate a single correlation. Not yet drafted as prose. LC-07 FIRST PASS 2026-08-22 (five anchors) CONFIRMS THE UNIFICATION FROM THE REGULATOR'S SIDE. LIT-041 (BCBS WP14) states that scarcity of default data is caused by infrequency AND BY DEFAULT CORRELATION, and that correlation breaks validation rather than merely widening estimates: tests built on independence are so conservative that well-calibrated systems fail them, while tests that model correlation catch only obvious miscalibration - so 'statistical tests alone will be insufficient'. Benchmarking is a required complement, never a substitute. LIT-042 (SR 11-7) then warns that conservatism must be substantiated, and that 'simply picking an extreme point on a given modeled distribution may not be conservative if the distribution was misestimated or misspecified in the first place' - which is precisely the Pluto-Tasche upper bound sitting on an assumed asset correlation. Wherever this project uses that bound it must say so. On specification, LIT-043 settles it: discrete-time hazard with an explicit baseline, competing risks, left-truncation, public R codebase, and the rationale transfers because credit data is interval-censored monthly - the shape of a savings-group book. On LGD, LIT-041 names implied historical LGD as the retail route while noting it inherits PD uncertainty entirely. LIT-044 adds the practitioner constraint that most sharpens the venture's problem: a judgmental scorecard only RANKS risk, while only a statistical model prices it - so an originator running the former is not investment-ready however well it performs, and closing the rank-to-price gap is the work. Its phased progression, where scoring itself becomes the stimulus for better data collection, is EXP-22's argument arriving from practice. Not yet drafted as prose."
"MEMO-8","8","Legal and market preconditions","3-Securitization / 1-VSLA","Outline","literature/notes/memo-8-legal-and-market-preconditions.md","Scope: true sale and SPV structuring across candidate jurisdictions, African and EM capital-market depth, and the regulation of savings groups and microinsurance. Not yet drafted."
"MEMO-9","9","Sector and infrastructure notes","6-Data and technology / 5-Insurance","Drafted","literature/notes/memo-9-sector-and-infrastructure-notes.md","LC-24 section written 2026-08-22; the rest still outline. VERDICT ON THE COFFEE BET: it survives on both assumptions it was made on, but the risk moves rather than disappearing. (1) Cooperatives DO intermediate credit - LIT-031 has Root Capital stating that borrower enterprises on-lend to individual producers, bear the repayment risk, and run origination, disbursement, monitoring and repayment through an internal credit fund. That fund is the cash-flow object this project exists to make legible. (2) Member registers DO work as a sampling frame - LIT-033 compiled the cooperative and certification map from the Cooperatives Agency and the union, then sampled 20 cooperatives and 530 households proportional to membership; Sidama alone holds about 57 primary cooperatives and 85,000 farmers. (3) BUT certification cannot carry the welfare claim: LIT-032 (43 studies, no RCTs anywhere in the literature) finds price +14% and produce income +11% significant, while TOTAL household income is +6% and NOT significant, and worker wages are -13% and significant; LIT-034 replicates the null on household income across three continents. (4) THE UNASKED FINDING: coffee is close to a worst case for correlation. Leaf rust hit more than half of Central America's coffee area at once, cut El Salvador production 60%, and drove 80% output drops at some financed producer organisations; LIT-035 adds price, with 45 of 260 days flagged excessively variable in 2019/20. Two covariate shocks, both regional or global. That is the hardest case for poolability and the best case for MEASURING correlation - which of those the project wants is OQ-17's business, not an inheritance. Colombia's Coffee Price Stabilization Fund (Feb 2020) is a live sovereign comparator for EXP-09 and a displacement risk under OQ-11. Also notable for underwriting: LIT-031 discloses NO repayment, default or portfolio-at-risk figure, and public loss data on cooperative internal credit funds may simply not exist."
